This is pdfTeX, Version 3.141592653-2.6-1.40.29 (TeX Live 2026) (preloaded format=pdflatex 2026.4.21)  21 APR 2026 14:12
entering extended mode
 restricted \write18 enabled.
 %&-line parsing enabled.
**main.tex
(./main.tex
LaTeX2e <2025-11-01>
L3 programming layer <2026-03-20>
(/usr/local/texlive/2026/texmf-dist/tex/latex/base/book.cls
Document Class: book 2025/01/22 v1.4n Standard LaTeX document class
(/usr/local/texlive/2026/texmf-dist/tex/latex/base/bk12.clo
File: bk12.clo 2025/01/22 v1.4n Standard LaTeX file (size option)
)
\c@part=\count275
\c@chapter=\count276
\c@section=\count277
\c@subsection=\count278
\c@subsubsection=\count279
\c@paragraph=\count280
\c@subparagraph=\count281
\c@figure=\count282
\c@table=\count283
\abovecaptionskip=\skip49
\belowcaptionskip=\skip50
\bibindent=\dimen150
)
(./config/parameters.tex
(/usr/local/texlive/2026/texmf-dist/tex/latex/setspace/setspace.sty
Package: setspace 2022/12/04 v6.7b set line spacing
)
(/usr/local/texlive/2026/texmf-dist/tex/latex/newtx/newtxtext.sty
Package: newtxtext 2024/04/01 v1.744(Michael Sharpe) latex and unicode latex su
pport for TeXGyreTermesX

`newtxtext' v1.744, 2024/04/01 Text macros taking advantage of TeXGyre Termes a
nd its extensions (msharpe)
(/usr/local/texlive/2026/texmf-dist/tex/latex/xpatch/xpatch.sty
(/usr/local/texlive/2026/texmf-dist/tex/latex/l3kernel/expl3.sty
Package: expl3 2026-03-20 L3 programming layer (loader) 

(/usr/local/texlive/2026/texmf-dist/tex/latex/l3backend/l3backend-pdftex.def
File: l3backend-pdftex.def 2026-02-18 L3 backend support: PDF output (pdfTeX)
\l__color_backend_stack_int=\count284
))
Package: xpatch 2020/03/25 v0.3a Extending etoolbox patching commands

(/usr/local/texlive/2026/texmf-dist/tex/latex/l3packages/xparse/xparse.sty
Package: xparse 2025-10-09 L3 Experimental document command parser
)
(/usr/local/texlive/2026/texmf-dist/tex/latex/etoolbox/etoolbox.sty
Package: etoolbox 2025/10/02 v2.5m e-TeX tools for LaTeX (JAW)
\etb@tempcnta=\count285
))
(/usr/local/texlive/2026/texmf-dist/tex/latex/xcolor/xcolor.sty
Package: xcolor 2024/09/29 v3.02 LaTeX color extensions (UK)

(/usr/local/texlive/2026/texmf-dist/tex/latex/graphics-cfg/color.cfg
File: color.cfg 2016/01/02 v1.6 sample color configuration
)
Package xcolor Info: Driver file: pdftex.def on input line 274.

(/usr/local/texlive/2026/texmf-dist/tex/latex/graphics-def/pdftex.def
File: pdftex.def 2025/09/29 v1.2d Graphics/color driver for pdftex
)
(/usr/local/texlive/2026/texmf-dist/tex/latex/graphics/mathcolor.ltx)
Package xcolor Info: Model `cmy' substituted by `cmy0' on input line 1349.
Package xcolor Info: Model `hsb' substituted by `rgb' on input line 1353.
Package xcolor Info: Model `RGB' extended on input line 1365.
Package xcolor Info: Model `HTML' substituted by `rgb' on input line 1367.
Package xcolor Info: Model `Hsb' substituted by `hsb' on input line 1368.
Package xcolor Info: Model `tHsb' substituted by `hsb' on input line 1369.
Package xcolor Info: Model `HSB' substituted by `hsb' on input line 1370.
Package xcolor Info: Model `Gray' substituted by `gray' on input line 1371.
Package xcolor Info: Model `wave' substituted by `hsb' on input line 1372.
)
(/usr/local/texlive/2026/texmf-dist/tex/generic/iftex/iftex.sty
Package: iftex 2024/12/12 v1.0g TeX engine tests
)
(/usr/local/texlive/2026/texmf-dist/tex/latex/xkeyval/xkeyval.sty
Package: xkeyval 2025/11/04 v2.10 package option processing (HA)

(/usr/local/texlive/2026/texmf-dist/tex/generic/xkeyval/xkeyval.tex
(/usr/local/texlive/2026/texmf-dist/tex/generic/xkeyval/xkvutils.tex
\XKV@toks=\toks17
\XKV@tempa@toks=\toks18
\XKV@tempb@toks=\toks19

(/usr/local/texlive/2026/texmf-dist/tex/generic/xkeyval/keyval.tex))
\XKV@depth=\count286
File: xkeyval.tex 2014/12/03 v2.7a key=value parser (HA)
))
(/usr/local/texlive/2026/texmf-dist/tex/latex/base/textcomp.sty
Package: textcomp 2024/04/24 v2.1b Standard LaTeX package
)
(/usr/local/texlive/2026/texmf-dist/tex/generic/xstring/xstring.sty
(/usr/local/texlive/2026/texmf-dist/tex/generic/xstring/xstring.tex
\xs_counta=\count287
\xs_countb=\count288
)
Package: xstring 2023/08/22 v1.86 String manipulations (CT)
)
(/usr/local/texlive/2026/texmf-dist/tex/latex/base/ifthen.sty
Package: ifthen 2024/03/16 v1.1e Standard LaTeX ifthen package (DPC)
)
(/usr/local/texlive/2026/texmf-dist/tex/latex/carlisle/scalefnt.sty)
LaTeX Font Info:    Setting ntxLF sub-encoding to TS1/0 on input line 24.
LaTeX Font Info:    Setting ntxTLF sub-encoding to TS1/0 on input line 24.
LaTeX Font Info:    Setting ntxOsF sub-encoding to TS1/0 on input line 24.
LaTeX Font Info:    Setting ntxTOsF sub-encoding to TS1/0 on input line 24.

(/usr/local/texlive/2026/texmf-dist/tex/generic/kastrup/binhex.tex)
\ntx@tmpcnta=\count289
\ntx@cnt=\count290

(/usr/local/texlive/2026/texmf-dist/tex/latex/fontaxes/fontaxes.sty
Package: fontaxes 2026-01-02 v2.0.2 Font selection axes (deprecated)
Applying: [2024-11-01] Use figureversions if present on input line 74.

(/usr/local/texlive/2026/texmf-dist/tex/latex/figureversions/figureversions.sty
Package: figureversions 2025-04-29 v1.0.1 Figure versions
)
Already applied: [0000-00-00] Fall back to v1 on input line 76.
)
\tx@sixem=\dimen151
\tx@y=\dimen152
\tx@x=\dimen153
\tx@tmpdima=\dimen154
\tx@tmpdimb=\dimen155
\tx@tmpdimc=\dimen156
\tx@tmpdimd=\dimen157
\tx@tmpdime=\dimen158
\tx@tmpdimf=\dimen159
\tx@dimA=\dimen160
\tx@dimAA=\dimen161
\tx@dimB=\dimen162
\tx@dimBB=\dimen163
\tx@dimC=\dimen164
LaTeX Info: Redefining \oldstylenums on input line 902.
) (/usr/local/texlive/2026/texmf-dist/tex/latex/lm/lmodern.sty
Package: lmodern 2015/05/01 v1.6.1 Latin Modern Fonts
LaTeX Font Info:    Overwriting symbol font `operators' in version `normal'
(Font)                  OT1/cmr/m/n --> OT1/lmr/m/n on input line 22.
LaTeX Font Info:    Overwriting symbol font `letters' in version `normal'
(Font)                  OML/cmm/m/it --> OML/lmm/m/it on input line 23.
LaTeX Font Info:    Overwriting symbol font `symbols' in version `normal'
(Font)                  OMS/cmsy/m/n --> OMS/lmsy/m/n on input line 24.
LaTeX Font Info:    Overwriting symbol font `largesymbols' in version `normal'
(Font)                  OMX/cmex/m/n --> OMX/lmex/m/n on input line 25.
LaTeX Font Info:    Overwriting symbol font `operators' in version `bold'
(Font)                  OT1/cmr/bx/n --> OT1/lmr/bx/n on input line 26.
LaTeX Font Info:    Overwriting symbol font `letters' in version `bold'
(Font)                  OML/cmm/b/it --> OML/lmm/b/it on input line 27.
LaTeX Font Info:    Overwriting symbol font `symbols' in version `bold'
(Font)                  OMS/cmsy/b/n --> OMS/lmsy/b/n on input line 28.
LaTeX Font Info:    Overwriting symbol font `largesymbols' in version `bold'
(Font)                  OMX/cmex/m/n --> OMX/lmex/m/n on input line 29.
LaTeX Font Info:    Overwriting math alphabet `\mathbf' in version `normal'
(Font)                  OT1/cmr/bx/n --> OT1/lmr/bx/n on input line 31.
LaTeX Font Info:    Overwriting math alphabet `\mathsf' in version `normal'
(Font)                  OT1/cmss/m/n --> OT1/lmss/m/n on input line 32.
LaTeX Font Info:    Overwriting math alphabet `\mathit' in version `normal'
(Font)                  OT1/cmr/m/it --> OT1/lmr/m/it on input line 33.
LaTeX Font Info:    Overwriting math alphabet `\mathtt' in version `normal'
(Font)                  OT1/cmtt/m/n --> OT1/lmtt/m/n on input line 34.
LaTeX Font Info:    Overwriting math alphabet `\mathbf' in version `bold'
(Font)                  OT1/cmr/bx/n --> OT1/lmr/bx/n on input line 35.
LaTeX Font Info:    Overwriting math alphabet `\mathsf' in version `bold'
(Font)                  OT1/cmss/bx/n --> OT1/lmss/bx/n on input line 36.
LaTeX Font Info:    Overwriting math alphabet `\mathit' in version `bold'
(Font)                  OT1/cmr/bx/it --> OT1/lmr/bx/it on input line 37.
LaTeX Font Info:    Overwriting math alphabet `\mathtt' in version `bold'
(Font)                  OT1/cmtt/m/n --> OT1/lmtt/m/n on input line 38.
)
(/usr/local/texlive/2026/texmf-dist/tex/generic/babel/babel.sty
Package: babel 2026/04/15 v26.6 The multilingual framework for LuaLaTeX, pdfLaT
eX and XeLaTeX
\babel@savecnt=\count291
LaTeX Encoding Info:    Redeclaring text command \ij (encoding OT1) on input li
ne 2078.
LaTeX Encoding Info:    Redeclaring text command \IJ (encoding OT1) on input li
ne 2080.
LaTeX Encoding Info:    Redeclaring text command \ij (encoding T1) on input lin
e 2082.
LaTeX Encoding Info:    Redeclaring text command \IJ (encoding T1) on input lin
e 2083.
LaTeX Encoding Info:    Ignoring declaration for text command \ij (encoding ?) 
on input line 2084.
LaTeX Encoding Info:    Ignoring declaration for text command \IJ (encoding ?) 
on input line 2086.
LaTeX Encoding Info:    Ignoring declaration for text command \SS (encoding ?) 
on input line 2111.
\U@D=\dimen165
\l@unhyphenated=\language91

(/usr/local/texlive/2026/texmf-dist/tex/generic/babel/txtbabel.def)
\bbl@readstream=\read2
\bbl@dirlevel=\count292

(/usr/local/texlive/2026/texmf-dist/tex/generic/babel/locale/en/babel-english.t
ex)
Package babel Info: Importing font and identification data for english
(babel)             from babel-en.ini. Reported on input line 4330.
 (/usr/local/texlive/2026/texmf-dist/tex/generic/babel-english/english.ldf
Language: english 2017/06/06 v3.3r English support from the babel system
Package babel Info: Hyphen rules for 'canadian' set to \l@english
(babel)             (\language0). Reported on input line 102.
Package babel Info: Hyphen rules for 'australian' set to \l@ukenglish
(babel)             (\language22). Reported on input line 105.
Package babel Info: Hyphen rules for 'newzealand' set to \l@ukenglish
(babel)             (\language22). Reported on input line 108.
)) (/usr/local/texlive/2026/texmf-dist/tex/latex/base/fontenc.sty
Package: fontenc 2025/07/18 v2.1d Standard LaTeX package
LaTeX Font Info:    Trying to load font information for T1+lmr on input line 11
6.

(/usr/local/texlive/2026/texmf-dist/tex/latex/lm/t1lmr.fd
File: t1lmr.fd 2015/05/01 v1.6.1 Font defs for Latin Modern
))
(/usr/local/texlive/2026/texmf-dist/tex/latex/textgreek/textgreek.sty
Package: textgreek 2011/10/09 v0.7 Greek symbols in text
Package textgreek Info: Loading the definitions for the Greek fontencoding. on 
input line 39.

(/usr/local/texlive/2026/texmf-dist/tex/latex/greek-fontenc/lgrenc.def
File: lgrenc.def 2023-09-12 2.5 LGR Greek font encoding definitions
Now handling font encoding LGR ...
... processing UTF-8 mapping file for font encoding LGR

(/usr/local/texlive/2026/texmf-dist/tex/latex/greek-inputenc/lgrenc.dfu
File: lgrenc.dfu 2023-03-21 1.9 UTF-8 support for Greek
   defining Unicode char U+00A8 (decimal 168)
   defining Unicode char U+00AB (decimal 171)
   defining Unicode char U+00AF (decimal 175)
   defining Unicode char U+00B4 (decimal 180)
   defining Unicode char U+00B7 (decimal 183)
   defining Unicode char U+00BB (decimal 187)
   defining Unicode char U+0259 (decimal 601)
   defining Unicode char U+02D8 (decimal 728)
   defining Unicode char U+0374 (decimal 884)
   defining Unicode char U+0375 (decimal 885)
   defining Unicode char U+037A (decimal 890)
   defining Unicode char U+037E (decimal 894)
   defining Unicode char U+0384 (decimal 900)
   defining Unicode char U+0385 (decimal 901)
   defining Unicode char U+0386 (decimal 902)
   defining Unicode char U+0387 (decimal 903)
   defining Unicode char U+0388 (decimal 904)
   defining Unicode char U+0389 (decimal 905)
   defining Unicode char U+038A (decimal 906)
   defining Unicode char U+038C (decimal 908)
   defining Unicode char U+038E (decimal 910)
   defining Unicode char U+038F (decimal 911)
   defining Unicode char U+0390 (decimal 912)
   defining Unicode char U+0391 (decimal 913)
   defining Unicode char U+0392 (decimal 914)
   defining Unicode char U+0393 (decimal 915)
   defining Unicode char U+0394 (decimal 916)
   defining Unicode char U+0395 (decimal 917)
   defining Unicode char U+0396 (decimal 918)
   defining Unicode char U+0397 (decimal 919)
   defining Unicode char U+0398 (decimal 920)
   defining Unicode char U+0399 (decimal 921)
   defining Unicode char U+039A (decimal 922)
   defining Unicode char U+039B (decimal 923)
   defining Unicode char U+039C (decimal 924)
   defining Unicode char U+039D (decimal 925)
   defining Unicode char U+039E (decimal 926)
   defining Unicode char U+039F (decimal 927)
   defining Unicode char U+03A0 (decimal 928)
   defining Unicode char U+03A1 (decimal 929)
   defining Unicode char U+03A3 (decimal 931)
   defining Unicode char U+03A4 (decimal 932)
   defining Unicode char U+03A5 (decimal 933)
   defining Unicode char U+03A6 (decimal 934)
   defining Unicode char U+03A7 (decimal 935)
   defining Unicode char U+03A8 (decimal 936)
   defining Unicode char U+03A9 (decimal 937)
   defining Unicode char U+03AA (decimal 938)
   defining Unicode char U+03AB (decimal 939)
   defining Unicode char U+03AC (decimal 940)
   defining Unicode char U+03AD (decimal 941)
   defining Unicode char U+03AE (decimal 942)
   defining Unicode char U+03AF (decimal 943)
   defining Unicode char U+03B0 (decimal 944)
   defining Unicode char U+03B1 (decimal 945)
   defining Unicode char U+03B2 (decimal 946)
   defining Unicode char U+03B3 (decimal 947)
   defining Unicode char U+03B4 (decimal 948)
   defining Unicode char U+03B5 (decimal 949)
   defining Unicode char U+03B6 (decimal 950)
   defining Unicode char U+03B7 (decimal 951)
   defining Unicode char U+03B8 (decimal 952)
   defining Unicode char U+03B9 (decimal 953)
   defining Unicode char U+03BA (decimal 954)
   defining Unicode char U+03BB (decimal 955)
   defining Unicode char U+03BC (decimal 956)
   defining Unicode char U+03BD (decimal 957)
   defining Unicode char U+03BE (decimal 958)
   defining Unicode char U+03BF (decimal 959)
   defining Unicode char U+03C0 (decimal 960)
   defining Unicode char U+03C1 (decimal 961)
   defining Unicode char U+03C2 (decimal 962)
   defining Unicode char U+03C3 (decimal 963)
   defining Unicode char U+03C4 (decimal 964)
   defining Unicode char U+03C5 (decimal 965)
   defining Unicode char U+03C6 (decimal 966)
   defining Unicode char U+03C7 (decimal 967)
   defining Unicode char U+03C8 (decimal 968)
   defining Unicode char U+03C9 (decimal 969)
   defining Unicode char U+03CA (decimal 970)
   defining Unicode char U+03CB (decimal 971)
   defining Unicode char U+03CC (decimal 972)
   defining Unicode char U+03CD (decimal 973)
   defining Unicode char U+03CE (decimal 974)
   defining Unicode char U+03D0 (decimal 976)
   defining Unicode char U+03D1 (decimal 977)
   defining Unicode char U+03D5 (decimal 981)
   defining Unicode char U+03D6 (decimal 982)
   defining Unicode char U+03D8 (decimal 984)
   defining Unicode char U+03D9 (decimal 985)
   defining Unicode char U+03DA (decimal 986)
   defining Unicode char U+03DB (decimal 987)
   defining Unicode char U+03DC (decimal 988)
   defining Unicode char U+03DD (decimal 989)
   defining Unicode char U+03DE (decimal 990)
   defining Unicode char U+03DF (decimal 991)
   defining Unicode char U+03E0 (decimal 992)
   defining Unicode char U+03E1 (decimal 993)
   defining Unicode char U+03F0 (decimal 1008)
   defining Unicode char U+03F1 (decimal 1009)
   defining Unicode char U+03F4 (decimal 1012)
   defining Unicode char U+03F5 (decimal 1013)
   defining Unicode char U+1F00 (decimal 7936)
   defining Unicode char U+1F01 (decimal 7937)
   defining Unicode char U+1F02 (decimal 7938)
   defining Unicode char U+1F03 (decimal 7939)
   defining Unicode char U+1F04 (decimal 7940)
   defining Unicode char U+1F05 (decimal 7941)
   defining Unicode char U+1F06 (decimal 7942)
   defining Unicode char U+1F07 (decimal 7943)
   defining Unicode char U+1F08 (decimal 7944)
   defining Unicode char U+1F09 (decimal 7945)
   defining Unicode char U+1F0A (decimal 7946)
   defining Unicode char U+1F0B (decimal 7947)
   defining Unicode char U+1F0C (decimal 7948)
   defining Unicode char U+1F0D (decimal 7949)
   defining Unicode char U+1F0E (decimal 7950)
   defining Unicode char U+1F0F (decimal 7951)
   defining Unicode char U+1F10 (decimal 7952)
   defining Unicode char U+1F11 (decimal 7953)
   defining Unicode char U+1F12 (decimal 7954)
   defining Unicode char U+1F13 (decimal 7955)
   defining Unicode char U+1F14 (decimal 7956)
   defining Unicode char U+1F15 (decimal 7957)
   defining Unicode char U+1F18 (decimal 7960)
   defining Unicode char U+1F19 (decimal 7961)
   defining Unicode char U+1F1A (decimal 7962)
   defining Unicode char U+1F1B (decimal 7963)
   defining Unicode char U+1F1C (decimal 7964)
   defining Unicode char U+1F1D (decimal 7965)
   defining Unicode char U+1F20 (decimal 7968)
   defining Unicode char U+1F21 (decimal 7969)
   defining Unicode char U+1F22 (decimal 7970)
   defining Unicode char U+1F23 (decimal 7971)
   defining Unicode char U+1F24 (decimal 7972)
   defining Unicode char U+1F25 (decimal 7973)
   defining Unicode char U+1F26 (decimal 7974)
   defining Unicode char U+1F27 (decimal 7975)
   defining Unicode char U+1F28 (decimal 7976)
   defining Unicode char U+1F29 (decimal 7977)
   defining Unicode char U+1F2A (decimal 7978)
   defining Unicode char U+1F2B (decimal 7979)
   defining Unicode char U+1F2C (decimal 7980)
   defining Unicode char U+1F2D (decimal 7981)
   defining Unicode char U+1F2E (decimal 7982)
   defining Unicode char U+1F2F (decimal 7983)
   defining Unicode char U+1F30 (decimal 7984)
   defining Unicode char U+1F31 (decimal 7985)
   defining Unicode char U+1F32 (decimal 7986)
   defining Unicode char U+1F33 (decimal 7987)
   defining Unicode char U+1F34 (decimal 7988)
   defining Unicode char U+1F35 (decimal 7989)
   defining Unicode char U+1F36 (decimal 7990)
   defining Unicode char U+1F37 (decimal 7991)
   defining Unicode char U+1F38 (decimal 7992)
   defining Unicode char U+1F39 (decimal 7993)
   defining Unicode char U+1F3A (decimal 7994)
   defining Unicode char U+1F3B (decimal 7995)
   defining Unicode char U+1F3C (decimal 7996)
   defining Unicode char U+1F3D (decimal 7997)
   defining Unicode char U+1F3E (decimal 7998)
   defining Unicode char U+1F3F (decimal 7999)
   defining Unicode char U+1F40 (decimal 8000)
   defining Unicode char U+1F41 (decimal 8001)
   defining Unicode char U+1F42 (decimal 8002)
   defining Unicode char U+1F43 (decimal 8003)
   defining Unicode char U+1F44 (decimal 8004)
   defining Unicode char U+1F45 (decimal 8005)
   defining Unicode char U+1F48 (decimal 8008)
   defining Unicode char U+1F49 (decimal 8009)
   defining Unicode char U+1F4A (decimal 8010)
   defining Unicode char U+1F4B (decimal 8011)
   defining Unicode char U+1F4C (decimal 8012)
   defining Unicode char U+1F4D (decimal 8013)
   defining Unicode char U+1F50 (decimal 8016)
   defining Unicode char U+1F51 (decimal 8017)
   defining Unicode char U+1F52 (decimal 8018)
   defining Unicode char U+1F53 (decimal 8019)
   defining Unicode char U+1F54 (decimal 8020)
   defining Unicode char U+1F55 (decimal 8021)
   defining Unicode char U+1F56 (decimal 8022)
   defining Unicode char U+1F57 (decimal 8023)
   defining Unicode char U+1F59 (decimal 8025)
   defining Unicode char U+1F5B (decimal 8027)
   defining Unicode char U+1F5D (decimal 8029)
   defining Unicode char U+1F5F (decimal 8031)
   defining Unicode char U+1F60 (decimal 8032)
   defining Unicode char U+1F61 (decimal 8033)
   defining Unicode char U+1F62 (decimal 8034)
   defining Unicode char U+1F63 (decimal 8035)
   defining Unicode char U+1F64 (decimal 8036)
   defining Unicode char U+1F65 (decimal 8037)
   defining Unicode char U+1F66 (decimal 8038)
   defining Unicode char U+1F67 (decimal 8039)
   defining Unicode char U+1F68 (decimal 8040)
   defining Unicode char U+1F69 (decimal 8041)
   defining Unicode char U+1F6A (decimal 8042)
   defining Unicode char U+1F6B (decimal 8043)
   defining Unicode char U+1F6C (decimal 8044)
   defining Unicode char U+1F6D (decimal 8045)
   defining Unicode char U+1F6E (decimal 8046)
   defining Unicode char U+1F6F (decimal 8047)
   defining Unicode char U+1F70 (decimal 8048)
   defining Unicode char U+1F71 (decimal 8049)
   defining Unicode char U+1F72 (decimal 8050)
   defining Unicode char U+1F73 (decimal 8051)
   defining Unicode char U+1F74 (decimal 8052)
   defining Unicode char U+1F75 (decimal 8053)
   defining Unicode char U+1F76 (decimal 8054)
   defining Unicode char U+1F77 (decimal 8055)
   defining Unicode char U+1F78 (decimal 8056)
   defining Unicode char U+1F79 (decimal 8057)
   defining Unicode char U+1F7A (decimal 8058)
   defining Unicode char U+1F7B (decimal 8059)
   defining Unicode char U+1F7C (decimal 8060)
   defining Unicode char U+1F7D (decimal 8061)
   defining Unicode char U+1F80 (decimal 8064)
   defining Unicode char U+1F81 (decimal 8065)
   defining Unicode char U+1F82 (decimal 8066)
   defining Unicode char U+1F83 (decimal 8067)
   defining Unicode char U+1F84 (decimal 8068)
   defining Unicode char U+1F85 (decimal 8069)
   defining Unicode char U+1F86 (decimal 8070)
   defining Unicode char U+1F87 (decimal 8071)
   defining Unicode char U+1F88 (decimal 8072)
   defining Unicode char U+1F89 (decimal 8073)
   defining Unicode char U+1F8A (decimal 8074)
   defining Unicode char U+1F8B (decimal 8075)
   defining Unicode char U+1F8C (decimal 8076)
   defining Unicode char U+1F8D (decimal 8077)
   defining Unicode char U+1F8E (decimal 8078)
   defining Unicode char U+1F8F (decimal 8079)
   defining Unicode char U+1F90 (decimal 8080)
   defining Unicode char U+1F91 (decimal 8081)
   defining Unicode char U+1F92 (decimal 8082)
   defining Unicode char U+1F93 (decimal 8083)
   defining Unicode char U+1F94 (decimal 8084)
   defining Unicode char U+1F95 (decimal 8085)
   defining Unicode char U+1F96 (decimal 8086)
   defining Unicode char U+1F97 (decimal 8087)
   defining Unicode char U+1F98 (decimal 8088)
   defining Unicode char U+1F99 (decimal 8089)
   defining Unicode char U+1F9A (decimal 8090)
   defining Unicode char U+1F9B (decimal 8091)
   defining Unicode char U+1F9C (decimal 8092)
   defining Unicode char U+1F9D (decimal 8093)
   defining Unicode char U+1F9E (decimal 8094)
   defining Unicode char U+1F9F (decimal 8095)
   defining Unicode char U+1FA0 (decimal 8096)
   defining Unicode char U+1FA1 (decimal 8097)
   defining Unicode char U+1FA2 (decimal 8098)
   defining Unicode char U+1FA3 (decimal 8099)
   defining Unicode char U+1FA4 (decimal 8100)
   defining Unicode char U+1FA5 (decimal 8101)
   defining Unicode char U+1FA6 (decimal 8102)
   defining Unicode char U+1FA7 (decimal 8103)
   defining Unicode char U+1FA8 (decimal 8104)
   defining Unicode char U+1FA9 (decimal 8105)
   defining Unicode char U+1FAA (decimal 8106)
   defining Unicode char U+1FAB (decimal 8107)
   defining Unicode char U+1FAC (decimal 8108)
   defining Unicode char U+1FAD (decimal 8109)
   defining Unicode char U+1FAE (decimal 8110)
   defining Unicode char U+1FAF (decimal 8111)
   defining Unicode char U+1FB0 (decimal 8112)
   defining Unicode char U+1FB1 (decimal 8113)
   defining Unicode char U+1FB2 (decimal 8114)
   defining Unicode char U+1FB3 (decimal 8115)
   defining Unicode char U+1FB4 (decimal 8116)
   defining Unicode char U+1FB6 (decimal 8118)
   defining Unicode char U+1FB7 (decimal 8119)
   defining Unicode char U+1FB8 (decimal 8120)
   defining Unicode char U+1FB9 (decimal 8121)
   defining Unicode char U+1FBA (decimal 8122)
   defining Unicode char U+1FBB (decimal 8123)
   defining Unicode char U+1FBC (decimal 8124)
   defining Unicode char U+1FBD (decimal 8125)
   defining Unicode char U+1FBE (decimal 8126)
   defining Unicode char U+1FBF (decimal 8127)
   defining Unicode char U+1FC0 (decimal 8128)
   defining Unicode char U+1FC1 (decimal 8129)
   defining Unicode char U+1FC2 (decimal 8130)
   defining Unicode char U+1FC3 (decimal 8131)
   defining Unicode char U+1FC4 (decimal 8132)
   defining Unicode char U+1FC6 (decimal 8134)
   defining Unicode char U+1FC7 (decimal 8135)
   defining Unicode char U+1FC8 (decimal 8136)
   defining Unicode char U+1FC9 (decimal 8137)
   defining Unicode char U+1FCA (decimal 8138)
   defining Unicode char U+1FCB (decimal 8139)
   defining Unicode char U+1FCC (decimal 8140)
   defining Unicode char U+1FCD (decimal 8141)
   defining Unicode char U+1FCE (decimal 8142)
   defining Unicode char U+1FCF (decimal 8143)
   defining Unicode char U+1FD0 (decimal 8144)
   defining Unicode char U+1FD1 (decimal 8145)
   defining Unicode char U+1FD2 (decimal 8146)
   defining Unicode char U+1FD3 (decimal 8147)
   defining Unicode char U+1FD6 (decimal 8150)
   defining Unicode char U+1FD7 (decimal 8151)
   defining Unicode char U+1FD8 (decimal 8152)
   defining Unicode char U+1FD9 (decimal 8153)
   defining Unicode char U+1FDA (decimal 8154)
   defining Unicode char U+1FDB (decimal 8155)
   defining Unicode char U+1FDD (decimal 8157)
   defining Unicode char U+1FDE (decimal 8158)
   defining Unicode char U+1FDF (decimal 8159)
   defining Unicode char U+1FE0 (decimal 8160)
   defining Unicode char U+1FE1 (decimal 8161)
   defining Unicode char U+1FE2 (decimal 8162)
   defining Unicode char U+1FE3 (decimal 8163)
   defining Unicode char U+1FE4 (decimal 8164)
   defining Unicode char U+1FE5 (decimal 8165)
   defining Unicode char U+1FE6 (decimal 8166)
   defining Unicode char U+1FE7 (decimal 8167)
   defining Unicode char U+1FE8 (decimal 8168)
   defining Unicode char U+1FE9 (decimal 8169)
   defining Unicode char U+1FEA (decimal 8170)
   defining Unicode char U+1FEB (decimal 8171)
   defining Unicode char U+1FEC (decimal 8172)
   defining Unicode char U+1FED (decimal 8173)
   defining Unicode char U+1FEE (decimal 8174)
   defining Unicode char U+1FEF (decimal 8175)
   defining Unicode char U+1FF2 (decimal 8178)
   defining Unicode char U+1FF3 (decimal 8179)
   defining Unicode char U+1FF4 (decimal 8180)
   defining Unicode char U+1FF6 (decimal 8182)
   defining Unicode char U+1FF7 (decimal 8183)
   defining Unicode char U+1FF8 (decimal 8184)
   defining Unicode char U+1FF9 (decimal 8185)
   defining Unicode char U+1FFA (decimal 8186)
   defining Unicode char U+1FFB (decimal 8187)
   defining Unicode char U+1FFC (decimal 8188)
   defining Unicode char U+1FFD (decimal 8189)
   defining Unicode char U+1FFE (decimal 8190)
   defining Unicode char U+2013 (decimal 8211)
   defining Unicode char U+2014 (decimal 8212)
   defining Unicode char U+2018 (decimal 8216)
   defining Unicode char U+2019 (decimal 8217)
   defining Unicode char U+201A (decimal 8218)
   defining Unicode char U+2030 (decimal 8240)
   defining Unicode char U+2039 (decimal 8249)
   defining Unicode char U+203A (decimal 8250)
   defining Unicode char U+20AC (decimal 8364)
   defining Unicode char U+2126 (decimal 8486)
   defining Unicode char U+10144 (decimal 65860)
   defining Unicode char U+10145 (decimal 65861)
   defining Unicode char U+10146 (decimal 65862)
   defining Unicode char U+10147 (decimal 65863)
)
(/usr/local/texlive/2026/texmf-dist/tex/latex/greek-fontenc/greek-fontenc.def
File: greek-fontenc.def 2023-09-12 2.5 Common Greek font encoding definitions
LaTeX Encoding Info:    Ignoring declaration for text command \accACUTE (encodi
ng LGR) on input line 251.
LaTeX Encoding Info:    Ignoring declaration for text command \accGRAVE (encodi
ng LGR) on input line 259.
LaTeX Encoding Info:    Ignoring declaration for text command \accTILDE (encodi
ng LGR) on input line 267.
))
Package textgreek Info: Loaded fontmap: {eur/*/*}{U/eur/*/*} {phv/*/*}{U/psy/*/
*}. on input line 69.
) (/usr/local/texlive/2026/texmf-dist/tex/latex/bbm-macros/bbm.sty
Package: bbm 1999/03/15 V 1.2 provides fonts for set symbols - TH
LaTeX Font Info:    Overwriting math alphabet `\mathbbm' in version `bold'
(Font)                  U/bbm/m/n --> U/bbm/bx/n on input line 33.
LaTeX Font Info:    Overwriting math alphabet `\mathbbmss' in version `bold'
(Font)                  U/bbmss/m/n --> U/bbmss/bx/n on input line 35.
)
(/usr/local/texlive/2026/texmf-dist/tex/latex/changepage/changepage.sty
Package: changepage 2009/10/20 v1.0c check page and change page layout
\c@cp@cntr=\count293
\cp@tempcnt=\count294
)
(/usr/local/texlive/2026/texmf-dist/tex/latex/titlesec/titletoc.sty
Package: titletoc 2025/01/04 v2.17 TOC entries
\ttl@leftsep=\dimen166
)
(/usr/local/texlive/2026/texmf-dist/tex/latex/supertabular/supertabular.sty
Package: supertabular 2025/06/26 v4.2d the supertabular environment
\c@tracingst=\count295
\ST@wd=\dimen167
\ST@rightskip=\skip51
\ST@leftskip=\skip52
\ST@parfillskip=\skip53
\ST@pageleft=\dimen168
\ST@headht=\dimen169
\ST@tailht=\dimen170
\ST@pagesofar=\dimen171
\ST@pboxht=\dimen172
\ST@rowht=\dimen173
\ST@prevht=\dimen174
\ST@toadd=\dimen175
\ST@dimen=\dimen176
\ST@pbox=\box53
)
(/usr/local/texlive/2026/texmf-dist/tex/latex/threeparttable/threeparttable.sty
Package: threeparttable 2003/06/13  v 3.0
\@tempboxb=\box54
) (/usr/local/texlive/2026/texmf-dist/tex/latex/graphics/lscape.sty
Package: lscape 2020/05/28 v3.02 Landscape Pages (DPC)

(/usr/local/texlive/2026/texmf-dist/tex/latex/graphics/graphics.sty
Package: graphics 2024/08/06 v1.4g Standard LaTeX Graphics (DPC,SPQR)

(/usr/local/texlive/2026/texmf-dist/tex/latex/graphics/trig.sty
Package: trig 2023/12/02 v1.11 sin cos tan (DPC)
)
(/usr/local/texlive/2026/texmf-dist/tex/latex/graphics-cfg/graphics.cfg
File: graphics.cfg 2016/06/04 v1.11 sample graphics configuration
)
Package graphics Info: Driver file: pdftex.def on input line 106.
))
(/usr/local/texlive/2026/texmf-dist/tex/latex/aeguill/aeguill.sty
Package: aeguill 2003/08/02 1.02 AE fonts with french guillemets (D. Roegel)

(/usr/local/texlive/2026/texmf-dist/tex/latex/ae/ae.sty
Package: ae 2001/02/12 1.3 Almost European Computer Modern

(/usr/local/texlive/2026/texmf-dist/tex/latex/base/fontenc.sty
Package: fontenc 2025/07/18 v2.1d Standard LaTeX package
))
(/usr/local/texlive/2026/texmf-dist/tex/latex/base/fontenc.sty
Package: fontenc 2025/07/18 v2.1d Standard LaTeX package

(/usr/local/texlive/2026/texmf-dist/tex/latex/cyrillic/ot2enc.def
File: ot2enc.def 2022/06/11 v3.3b Cyrillic encoding definition file
Now handling font encoding OT2 ...
... processing UTF-8 mapping file for font encoding OT2

(/usr/local/texlive/2026/texmf-dist/tex/latex/base/ot2enc.dfu
File: ot2enc.dfu 2022/06/07 v1.3c UTF-8 support
   defining Unicode char U+00AB (decimal 171)
   defining Unicode char U+00BB (decimal 187)
   defining Unicode char U+0131 (decimal 305)
   defining Unicode char U+0237 (decimal 567)
   defining Unicode char U+0400 (decimal 1024)
   defining Unicode char U+0401 (decimal 1025)
   defining Unicode char U+0402 (decimal 1026)
   defining Unicode char U+0403 (decimal 1027)
   defining Unicode char U+0404 (decimal 1028)
   defining Unicode char U+0405 (decimal 1029)
   defining Unicode char U+0406 (decimal 1030)
   defining Unicode char U+0408 (decimal 1032)
   defining Unicode char U+0409 (decimal 1033)
   defining Unicode char U+040A (decimal 1034)
   defining Unicode char U+040B (decimal 1035)
   defining Unicode char U+040C (decimal 1036)
   defining Unicode char U+040D (decimal 1037)
   defining Unicode char U+040F (decimal 1039)
   defining Unicode char U+0410 (decimal 1040)
   defining Unicode char U+0411 (decimal 1041)
   defining Unicode char U+0412 (decimal 1042)
   defining Unicode char U+0413 (decimal 1043)
   defining Unicode char U+0414 (decimal 1044)
   defining Unicode char U+0415 (decimal 1045)
   defining Unicode char U+0416 (decimal 1046)
   defining Unicode char U+0417 (decimal 1047)
   defining Unicode char U+0418 (decimal 1048)
   defining Unicode char U+0419 (decimal 1049)
   defining Unicode char U+041A (decimal 1050)
   defining Unicode char U+041B (decimal 1051)
   defining Unicode char U+041C (decimal 1052)
   defining Unicode char U+041D (decimal 1053)
   defining Unicode char U+041E (decimal 1054)
   defining Unicode char U+041F (decimal 1055)
   defining Unicode char U+0420 (decimal 1056)
   defining Unicode char U+0421 (decimal 1057)
   defining Unicode char U+0422 (decimal 1058)
   defining Unicode char U+0423 (decimal 1059)
   defining Unicode char U+0424 (decimal 1060)
   defining Unicode char U+0425 (decimal 1061)
   defining Unicode char U+0426 (decimal 1062)
   defining Unicode char U+0427 (decimal 1063)
   defining Unicode char U+0428 (decimal 1064)
   defining Unicode char U+0429 (decimal 1065)
   defining Unicode char U+042A (decimal 1066)
   defining Unicode char U+042B (decimal 1067)
   defining Unicode char U+042C (decimal 1068)
   defining Unicode char U+042D (decimal 1069)
   defining Unicode char U+042E (decimal 1070)
   defining Unicode char U+042F (decimal 1071)
   defining Unicode char U+0430 (decimal 1072)
   defining Unicode char U+0431 (decimal 1073)
   defining Unicode char U+0432 (decimal 1074)
   defining Unicode char U+0433 (decimal 1075)
   defining Unicode char U+0434 (decimal 1076)
   defining Unicode char U+0435 (decimal 1077)
   defining Unicode char U+0436 (decimal 1078)
   defining Unicode char U+0437 (decimal 1079)
   defining Unicode char U+0438 (decimal 1080)
   defining Unicode char U+0439 (decimal 1081)
   defining Unicode char U+043A (decimal 1082)
   defining Unicode char U+043B (decimal 1083)
   defining Unicode char U+043C (decimal 1084)
   defining Unicode char U+043D (decimal 1085)
   defining Unicode char U+043E (decimal 1086)
   defining Unicode char U+043F (decimal 1087)
   defining Unicode char U+0440 (decimal 1088)
   defining Unicode char U+0441 (decimal 1089)
   defining Unicode char U+0442 (decimal 1090)
   defining Unicode char U+0443 (decimal 1091)
   defining Unicode char U+0444 (decimal 1092)
   defining Unicode char U+0445 (decimal 1093)
   defining Unicode char U+0446 (decimal 1094)
   defining Unicode char U+0447 (decimal 1095)
   defining Unicode char U+0448 (decimal 1096)
   defining Unicode char U+0449 (decimal 1097)
   defining Unicode char U+044A (decimal 1098)
   defining Unicode char U+044B (decimal 1099)
   defining Unicode char U+044C (decimal 1100)
   defining Unicode char U+044D (decimal 1101)
   defining Unicode char U+044E (decimal 1102)
   defining Unicode char U+044F (decimal 1103)
   defining Unicode char U+0450 (decimal 1104)
   defining Unicode char U+0451 (decimal 1105)
   defining Unicode char U+0452 (decimal 1106)
   defining Unicode char U+0453 (decimal 1107)
   defining Unicode char U+0454 (decimal 1108)
   defining Unicode char U+0455 (decimal 1109)
   defining Unicode char U+0456 (decimal 1110)
   defining Unicode char U+0458 (decimal 1112)
   defining Unicode char U+0459 (decimal 1113)
   defining Unicode char U+045A (decimal 1114)
   defining Unicode char U+045B (decimal 1115)
   defining Unicode char U+045C (decimal 1116)
   defining Unicode char U+045D (decimal 1117)
   defining Unicode char U+045F (decimal 1119)
   defining Unicode char U+0462 (decimal 1122)
   defining Unicode char U+0463 (decimal 1123)
   defining Unicode char U+0472 (decimal 1138)
   defining Unicode char U+0473 (decimal 1139)
   defining Unicode char U+0474 (decimal 1140)
   defining Unicode char U+0475 (decimal 1141)
   defining Unicode char U+04C1 (decimal 1217)
   defining Unicode char U+04C2 (decimal 1218)
   defining Unicode char U+04D0 (decimal 1232)
   defining Unicode char U+04D1 (decimal 1233)
   defining Unicode char U+04D2 (decimal 1234)
   defining Unicode char U+04D3 (decimal 1235)
   defining Unicode char U+04D6 (decimal 1238)
   defining Unicode char U+04D7 (decimal 1239)
   defining Unicode char U+04DC (decimal 1244)
   defining Unicode char U+04DD (decimal 1245)
   defining Unicode char U+04DE (decimal 1246)
   defining Unicode char U+04DF (decimal 1247)
   defining Unicode char U+04E2 (decimal 1250)
   defining Unicode char U+04E3 (decimal 1251)
   defining Unicode char U+04E4 (decimal 1252)
   defining Unicode char U+04E5 (decimal 1253)
   defining Unicode char U+04E6 (decimal 1254)
   defining Unicode char U+04E7 (decimal 1255)
   defining Unicode char U+04EC (decimal 1260)
   defining Unicode char U+04ED (decimal 1261)
   defining Unicode char U+04EE (decimal 1262)
   defining Unicode char U+04EF (decimal 1263)
   defining Unicode char U+04F0 (decimal 1264)
   defining Unicode char U+04F1 (decimal 1265)
   defining Unicode char U+04F2 (decimal 1266)
   defining Unicode char U+04F3 (decimal 1267)
   defining Unicode char U+04F4 (decimal 1268)
   defining Unicode char U+04F5 (decimal 1269)
   defining Unicode char U+04F8 (decimal 1272)
   defining Unicode char U+04F9 (decimal 1273)
   defining Unicode char U+2013 (decimal 8211)
   defining Unicode char U+2014 (decimal 8212)
   defining Unicode char U+2018 (decimal 8216)
   defining Unicode char U+2019 (decimal 8217)
   defining Unicode char U+201C (decimal 8220)
   defining Unicode char U+201D (decimal 8221)
   defining Unicode char U+2116 (decimal 8470)
))
LaTeX Font Info:    Trying to load font information for T1+aer on input line 11
6.

(/usr/local/texlive/2026/texmf-dist/tex/latex/ae/t1aer.fd
File: t1aer.fd 1997/11/16 Font definitions for T1/aer.
)))
(/usr/local/texlive/2026/texmf-dist/tex/latex/tools/xspace.sty
Package: xspace 2014/10/28 v1.13 Space after command names (DPC,MH)
)
(/usr/local/texlive/2026/texmf-dist/tex/latex/mhchem/mhchem.sty
Package: mhchem 2024/01/29 v4.10 for typesetting chemical formulae

(/usr/local/texlive/2026/texmf-dist/tex/latex/l3packages/l3keys2e/l3keys2e.sty
Package: l3keys2e 2025-10-09 LaTeX2e option processing using LaTeX3 keys
) (/usr/local/texlive/2026/texmf-dist/tex/latex/tools/calc.sty
Package: calc 2025/03/01 v4.3b Infix arithmetic (KKT,FJ)
\calc@Acount=\count296
\calc@Bcount=\count297
\calc@Adimen=\dimen177
\calc@Bdimen=\dimen178
\calc@Askip=\skip54
\calc@Bskip=\skip55
LaTeX Info: Redefining \setlength on input line 86.
LaTeX Info: Redefining \addtolength on input line 87.
\calc@Ccount=\count298
\calc@Cskip=\skip56
)
(/usr/local/texlive/2026/texmf-dist/tex/latex/amsmath/amsmath.sty
Package: amsmath 2025/07/09 v2.17z AMS math features
\@mathmargin=\skip57

For additional information on amsmath, use the `?' option.
(/usr/local/texlive/2026/texmf-dist/tex/latex/amsmath/amstext.sty
Package: amstext 2024/11/17 v2.01 AMS text

(/usr/local/texlive/2026/texmf-dist/tex/latex/amsmath/amsgen.sty
File: amsgen.sty 1999/11/30 v2.0 generic functions
\@emptytoks=\toks20
\ex@=\dimen179
))
(/usr/local/texlive/2026/texmf-dist/tex/latex/amsmath/amsbsy.sty
Package: amsbsy 1999/11/29 v1.2d Bold Symbols
\pmbraise@=\dimen180
)
(/usr/local/texlive/2026/texmf-dist/tex/latex/amsmath/amsopn.sty
Package: amsopn 2022/04/08 v2.04 operator names
)
\inf@bad=\count299
LaTeX Info: Redefining \frac on input line 233.
\uproot@=\count300
\leftroot@=\count301
LaTeX Info: Redefining \overline on input line 398.
LaTeX Info: Redefining \colon on input line 409.
\classnum@=\count302
\DOTSCASE@=\count303
LaTeX Info: Redefining \ldots on input line 495.
LaTeX Info: Redefining \dots on input line 498.
LaTeX Info: Redefining \cdots on input line 619.
\Mathstrutbox@=\box55
\strutbox@=\box56
LaTeX Info: Redefining \big on input line 721.
LaTeX Info: Redefining \Big on input line 722.
LaTeX Info: Redefining \bigg on input line 723.
LaTeX Info: Redefining \Bigg on input line 724.
\big@size=\dimen181
LaTeX Font Info:    Redeclaring font encoding OML on input line 742.
LaTeX Font Info:    Redeclaring font encoding OMS on input line 743.
\macc@depth=\count304
LaTeX Info: Redefining \bmod on input line 904.
LaTeX Info: Redefining \pmod on input line 909.
LaTeX Info: Redefining \smash on input line 939.
LaTeX Info: Redefining \relbar on input line 969.
LaTeX Info: Redefining \Relbar on input line 970.
\c@MaxMatrixCols=\count305
\dotsspace@=\muskip17
\c@parentequation=\count306
\dspbrk@lvl=\count307
\tag@help=\toks21
\row@=\count308
\column@=\count309
\maxfields@=\count310
\andhelp@=\toks22
\eqnshift@=\dimen182
\alignsep@=\dimen183
\tagshift@=\dimen184
\tagwidth@=\dimen185
\totwidth@=\dimen186
\lineht@=\dimen187
\@envbody=\toks23
\multlinegap=\skip58
\multlinetaggap=\skip59
\mathdisplay@stack=\toks24
LaTeX Info: Redefining \[ on input line 2950.
LaTeX Info: Redefining \] on input line 2951.
)
(/usr/local/texlive/2026/texmf-dist/tex/latex/chemgreek/chemgreek.sty
Package: chemgreek 2020/01/16 v1.1a interface for upright Greek letters for use
 in chemistry (CN)
\l__chemgreek_tmpa_int=\count311
\g__chemgreek_tmpa_int=\count312
)
\l__mhchem_ce_distanceFromLastComma_int=\count313
\__mhchem_arrow_extPgfLength_skip=\skip60
\mhchem@minispace@tmp=\skip61
\mhchem@minibackspace@tmp=\skip62
\mhchem@bondwidth=\skip63
\mhchem@bondheight=\skip64
\mhchem@smallbondwidth@tmpA=\skip65
\mhchem@smallbondwidth@tmpB=\skip66
\mhchem@smallbondwidth=\skip67
\mhchem@bondtmp@minussidebearingleft=\skip68
\mhchem@bondtmp@minussidebearingright=\skip69
\l__mhchem_option_version_int=\count314
\mhchem@option@minusmathsidebearingleft=\dimen188
\mhchem@option@minusmathsidebearingright=\dimen189
\mhchem@option@minustextsidebearingleft=\dimen190
\mhchem@option@minustextsidebearingright=\dimen191
)
(/usr/local/texlive/2026/texmf-dist/tex/latex/tcolorbox/tcolorbox.sty
Package: tcolorbox 2025/11/28 version 6.9.0 text color boxes

(/usr/local/texlive/2026/texmf-dist/tex/latex/pgf/frontendlayer/tikz.sty
(/usr/local/texlive/2026/texmf-dist/tex/latex/pgf/basiclayer/pgf.sty
(/usr/local/texlive/2026/texmf-dist/tex/latex/pgf/utilities/pgfrcs.sty
(/usr/local/texlive/2026/texmf-dist/tex/generic/pgf/utilities/pgfutil-common.te
x
\pgfutil@everybye=\toks25
\pgfutil@tempdima=\dimen192
\pgfutil@tempdimb=\dimen193
)
(/usr/local/texlive/2026/texmf-dist/tex/generic/pgf/utilities/pgfutil-latex.def
\pgfutil@abb=\box57
) (/usr/local/texlive/2026/texmf-dist/tex/generic/pgf/utilities/pgfrcs.code.tex
(/usr/local/texlive/2026/texmf-dist/tex/generic/pgf/pgf.revision.tex)
Package: pgfrcs 2025-08-29 v3.1.11a (3.1.11a)
))
Package: pgf 2025-08-29 v3.1.11a (3.1.11a)

(/usr/local/texlive/2026/texmf-dist/tex/latex/pgf/basiclayer/pgfcore.sty
(/usr/local/texlive/2026/texmf-dist/tex/latex/graphics/graphicx.sty
Package: graphicx 2024/12/31 v1.2e Enhanced LaTeX Graphics (DPC,SPQR)
\Gin@req@height=\dimen194
\Gin@req@width=\dimen195
)
(/usr/local/texlive/2026/texmf-dist/tex/latex/pgf/systemlayer/pgfsys.sty
(/usr/local/texlive/2026/texmf-dist/tex/generic/pgf/systemlayer/pgfsys.code.tex
Package: pgfsys 2025-08-29 v3.1.11a (3.1.11a)
(/usr/local/texlive/2026/texmf-dist/tex/generic/pgf/utilities/pgfkeys.code.tex
\pgfkeys@pathtoks=\toks26
\pgfkeys@temptoks=\toks27

(/usr/local/texlive/2026/texmf-dist/tex/generic/pgf/utilities/pgfkeyslibraryfil
tered.code.tex
\pgfkeys@tmptoks=\toks28
))
\pgf@x=\dimen196
\pgf@y=\dimen197
\pgf@xa=\dimen198
\pgf@ya=\dimen199
\pgf@xb=\dimen256
\pgf@yb=\dimen257
\pgf@xc=\dimen258
\pgf@yc=\dimen259
\pgf@xd=\dimen260
\pgf@yd=\dimen261
\w@pgf@writea=\write3
\r@pgf@reada=\read3
\c@pgf@counta=\count315
\c@pgf@countb=\count316
\c@pgf@countc=\count317
\c@pgf@countd=\count318
\t@pgf@toka=\toks29
\t@pgf@tokb=\toks30
\t@pgf@tokc=\toks31
\pgf@sys@id@count=\count319

(/usr/local/texlive/2026/texmf-dist/tex/generic/pgf/systemlayer/pgf.cfg
File: pgf.cfg 2025-08-29 v3.1.11a (3.1.11a)
)
Driver file for pgf: pgfsys-pdftex.def

(/usr/local/texlive/2026/texmf-dist/tex/generic/pgf/systemlayer/pgfsys-pdftex.d
ef
File: pgfsys-pdftex.def 2025-08-29 v3.1.11a (3.1.11a)

(/usr/local/texlive/2026/texmf-dist/tex/generic/pgf/systemlayer/pgfsys-common-p
df.def
File: pgfsys-common-pdf.def 2025-08-29 v3.1.11a (3.1.11a)
)))
(/usr/local/texlive/2026/texmf-dist/tex/generic/pgf/systemlayer/pgfsyssoftpath.
code.tex
File: pgfsyssoftpath.code.tex 2025-08-29 v3.1.11a (3.1.11a)
\pgfsyssoftpath@smallbuffer@items=\count320
\pgfsyssoftpath@bigbuffer@items=\count321
)
(/usr/local/texlive/2026/texmf-dist/tex/generic/pgf/systemlayer/pgfsysprotocol.
code.tex
File: pgfsysprotocol.code.tex 2025-08-29 v3.1.11a (3.1.11a)
))
(/usr/local/texlive/2026/texmf-dist/tex/generic/pgf/basiclayer/pgfcore.code.tex
Package: pgfcore 2025-08-29 v3.1.11a (3.1.11a)
(/usr/local/texlive/2026/texmf-dist/tex/generic/pgf/math/pgfmath.code.tex
(/usr/local/texlive/2026/texmf-dist/tex/generic/pgf/math/pgfmathutil.code.tex)
(/usr/local/texlive/2026/texmf-dist/tex/generic/pgf/math/pgfmathparser.code.tex
\pgfmath@dimen=\dimen262
\pgfmath@count=\count322
\pgfmath@box=\box58
\pgfmath@toks=\toks32
\pgfmath@stack@operand=\toks33
\pgfmath@stack@operation=\toks34
)
(/usr/local/texlive/2026/texmf-dist/tex/generic/pgf/math/pgfmathfunctions.code.
tex)
(/usr/local/texlive/2026/texmf-dist/tex/generic/pgf/math/pgfmathfunctions.basic
.code.tex)
(/usr/local/texlive/2026/texmf-dist/tex/generic/pgf/math/pgfmathfunctions.trigo
nometric.code.tex)
(/usr/local/texlive/2026/texmf-dist/tex/generic/pgf/math/pgfmathfunctions.rando
m.code.tex)
(/usr/local/texlive/2026/texmf-dist/tex/generic/pgf/math/pgfmathfunctions.compa
rison.code.tex)
(/usr/local/texlive/2026/texmf-dist/tex/generic/pgf/math/pgfmathfunctions.base.
code.tex)
(/usr/local/texlive/2026/texmf-dist/tex/generic/pgf/math/pgfmathfunctions.round
.code.tex)
(/usr/local/texlive/2026/texmf-dist/tex/generic/pgf/math/pgfmathfunctions.misc.
code.tex)
(/usr/local/texlive/2026/texmf-dist/tex/generic/pgf/math/pgfmathfunctions.integ
erarithmetics.code.tex)
(/usr/local/texlive/2026/texmf-dist/tex/generic/pgf/math/pgfmathcalc.code.tex)
(/usr/local/texlive/2026/texmf-dist/tex/generic/pgf/math/pgfmathfloat.code.tex
\c@pgfmathroundto@lastzeros=\count323
)) (/usr/local/texlive/2026/texmf-dist/tex/generic/pgf/math/pgfint.code.tex)
(/usr/local/texlive/2026/texmf-dist/tex/generic/pgf/basiclayer/pgfcorepoints.co
de.tex
File: pgfcorepoints.code.tex 2025-08-29 v3.1.11a (3.1.11a)
\pgf@picminx=\dimen263
\pgf@picmaxx=\dimen264
\pgf@picminy=\dimen265
\pgf@picmaxy=\dimen266
\pgf@pathminx=\dimen267
\pgf@pathmaxx=\dimen268
\pgf@pathminy=\dimen269
\pgf@pathmaxy=\dimen270
\pgf@xx=\dimen271
\pgf@xy=\dimen272
\pgf@yx=\dimen273
\pgf@yy=\dimen274
\pgf@zx=\dimen275
\pgf@zy=\dimen276
)
(/usr/local/texlive/2026/texmf-dist/tex/generic/pgf/basiclayer/pgfcorepathconst
ruct.code.tex
File: pgfcorepathconstruct.code.tex 2025-08-29 v3.1.11a (3.1.11a)
\pgf@path@lastx=\dimen277
\pgf@path@lasty=\dimen278
)
(/usr/local/texlive/2026/texmf-dist/tex/generic/pgf/basiclayer/pgfcorepathusage
.code.tex
File: pgfcorepathusage.code.tex 2025-08-29 v3.1.11a (3.1.11a)
\pgf@shorten@end@additional=\dimen279
\pgf@shorten@start@additional=\dimen280
)
(/usr/local/texlive/2026/texmf-dist/tex/generic/pgf/basiclayer/pgfcorescopes.co
de.tex
File: pgfcorescopes.code.tex 2025-08-29 v3.1.11a (3.1.11a)
\pgfpic=\box59
\pgf@hbox=\box60
\pgf@layerbox@main=\box61
\pgf@picture@serial@count=\count324
)
(/usr/local/texlive/2026/texmf-dist/tex/generic/pgf/basiclayer/pgfcoregraphicst
ate.code.tex
File: pgfcoregraphicstate.code.tex 2025-08-29 v3.1.11a (3.1.11a)
\pgflinewidth=\dimen281
)
(/usr/local/texlive/2026/texmf-dist/tex/generic/pgf/basiclayer/pgfcoretransform
ations.code.tex
File: pgfcoretransformations.code.tex 2025-08-29 v3.1.11a (3.1.11a)
\pgf@pt@x=\dimen282
\pgf@pt@y=\dimen283
\pgf@pt@temp=\dimen284
)
(/usr/local/texlive/2026/texmf-dist/tex/generic/pgf/basiclayer/pgfcorequick.cod
e.tex
File: pgfcorequick.code.tex 2025-08-29 v3.1.11a (3.1.11a)
)
(/usr/local/texlive/2026/texmf-dist/tex/generic/pgf/basiclayer/pgfcoreobjects.c
ode.tex
File: pgfcoreobjects.code.tex 2025-08-29 v3.1.11a (3.1.11a)
)
(/usr/local/texlive/2026/texmf-dist/tex/generic/pgf/basiclayer/pgfcorepathproce
ssing.code.tex
File: pgfcorepathprocessing.code.tex 2025-08-29 v3.1.11a (3.1.11a)
)
(/usr/local/texlive/2026/texmf-dist/tex/generic/pgf/basiclayer/pgfcorearrows.co
de.tex
File: pgfcorearrows.code.tex 2025-08-29 v3.1.11a (3.1.11a)
\pgfarrowsep=\dimen285
)
(/usr/local/texlive/2026/texmf-dist/tex/generic/pgf/basiclayer/pgfcoreshade.cod
e.tex
File: pgfcoreshade.code.tex 2025-08-29 v3.1.11a (3.1.11a)
\pgf@max=\dimen286
\pgf@sys@shading@range@num=\count325
\pgf@shadingcount=\count326
)
(/usr/local/texlive/2026/texmf-dist/tex/generic/pgf/basiclayer/pgfcoreimage.cod
e.tex
File: pgfcoreimage.code.tex 2025-08-29 v3.1.11a (3.1.11a)
)
(/usr/local/texlive/2026/texmf-dist/tex/generic/pgf/basiclayer/pgfcoreexternal.
code.tex
File: pgfcoreexternal.code.tex 2025-08-29 v3.1.11a (3.1.11a)
\pgfexternal@startupbox=\box62
)
(/usr/local/texlive/2026/texmf-dist/tex/generic/pgf/basiclayer/pgfcorelayers.co
de.tex
File: pgfcorelayers.code.tex 2025-08-29 v3.1.11a (3.1.11a)
)
(/usr/local/texlive/2026/texmf-dist/tex/generic/pgf/basiclayer/pgfcoretranspare
ncy.code.tex
File: pgfcoretransparency.code.tex 2025-08-29 v3.1.11a (3.1.11a)
)
(/usr/local/texlive/2026/texmf-dist/tex/generic/pgf/basiclayer/pgfcorepatterns.
code.tex
File: pgfcorepatterns.code.tex 2025-08-29 v3.1.11a (3.1.11a)
)
(/usr/local/texlive/2026/texmf-dist/tex/generic/pgf/basiclayer/pgfcorerdf.code.
tex
File: pgfcorerdf.code.tex 2025-08-29 v3.1.11a (3.1.11a)
)))
(/usr/local/texlive/2026/texmf-dist/tex/generic/pgf/modules/pgfmoduleshapes.cod
e.tex
File: pgfmoduleshapes.code.tex 2025-08-29 v3.1.11a (3.1.11a)
\pgfnodeparttextbox=\box63
)
(/usr/local/texlive/2026/texmf-dist/tex/generic/pgf/modules/pgfmoduleplot.code.
tex
File: pgfmoduleplot.code.tex 2025-08-29 v3.1.11a (3.1.11a)
)
(/usr/local/texlive/2026/texmf-dist/tex/latex/pgf/compatibility/pgfcomp-version
-0-65.sty
Package: pgfcomp-version-0-65 2025-08-29 v3.1.11a (3.1.11a)
\pgf@nodesepstart=\dimen287
\pgf@nodesepend=\dimen288
)
(/usr/local/texlive/2026/texmf-dist/tex/latex/pgf/compatibility/pgfcomp-version
-1-18.sty
Package: pgfcomp-version-1-18 2025-08-29 v3.1.11a (3.1.11a)
))
(/usr/local/texlive/2026/texmf-dist/tex/latex/pgf/utilities/pgffor.sty
(/usr/local/texlive/2026/texmf-dist/tex/latex/pgf/utilities/pgfkeys.sty
(/usr/local/texlive/2026/texmf-dist/tex/generic/pgf/utilities/pgfkeys.code.tex)
) (/usr/local/texlive/2026/texmf-dist/tex/latex/pgf/math/pgfmath.sty
(/usr/local/texlive/2026/texmf-dist/tex/generic/pgf/math/pgfmath.code.tex))
(/usr/local/texlive/2026/texmf-dist/tex/generic/pgf/utilities/pgffor.code.tex
Package: pgffor 2025-08-29 v3.1.11a (3.1.11a)
\pgffor@iter=\dimen289
\pgffor@skip=\dimen290
\pgffor@stack=\toks35
\pgffor@toks=\toks36
))
(/usr/local/texlive/2026/texmf-dist/tex/generic/pgf/frontendlayer/tikz/tikz.cod
e.tex
Package: tikz 2025-08-29 v3.1.11a (3.1.11a)

(/usr/local/texlive/2026/texmf-dist/tex/generic/pgf/libraries/pgflibraryplothan
dlers.code.tex
File: pgflibraryplothandlers.code.tex 2025-08-29 v3.1.11a (3.1.11a)
\pgf@plot@mark@count=\count327
\pgfplotmarksize=\dimen291
)
\tikz@lastx=\dimen292
\tikz@lasty=\dimen293
\tikz@lastxsaved=\dimen294
\tikz@lastysaved=\dimen295
\tikz@lastmovetox=\dimen296
\tikz@lastmovetoy=\dimen297
\tikzleveldistance=\dimen298
\tikzsiblingdistance=\dimen299
\tikz@figbox=\box64
\tikz@figbox@bg=\box65
\tikz@tempbox=\box66
\tikz@tempbox@bg=\box67
\tikztreelevel=\count328
\tikznumberofchildren=\count329
\tikznumberofcurrentchild=\count330
\tikz@fig@count=\count331

(/usr/local/texlive/2026/texmf-dist/tex/generic/pgf/modules/pgfmodulematrix.cod
e.tex
File: pgfmodulematrix.code.tex 2025-08-29 v3.1.11a (3.1.11a)
\pgfmatrixcurrentrow=\count332
\pgfmatrixcurrentcolumn=\count333
\pgf@matrix@numberofcolumns=\count334
)
\tikz@expandcount=\count335

(/usr/local/texlive/2026/texmf-dist/tex/generic/pgf/frontendlayer/tikz/librarie
s/tikzlibrarytopaths.code.tex
File: tikzlibrarytopaths.code.tex 2025-08-29 v3.1.11a (3.1.11a)
)))
(/usr/local/texlive/2026/texmf-dist/tex/latex/tools/verbatim.sty
Package: verbatim 2024-01-22 v1.5x LaTeX2e package for verbatim enhancements
\every@verbatim=\toks37
\verbatim@line=\toks38
\verbatim@in@stream=\read4
)
(/usr/local/texlive/2026/texmf-dist/tex/latex/environ/environ.sty
Package: environ 2014/05/04 v0.3 A new way to define environments

(/usr/local/texlive/2026/texmf-dist/tex/latex/trimspaces/trimspaces.sty
Package: trimspaces 2009/09/17 v1.1 Trim spaces around a token list
))
\tcb@titlebox=\box68
\tcb@upperbox=\box69
\tcb@lowerbox=\box70
\tcb@phantombox=\box71
\c@tcbbreakpart=\count336
\c@tcblayer=\count337
\c@tcolorbox@number=\count338
\l__tcobox_tmpa_box=\box72
\l__tcobox_tmpa_dim=\dimen300
\tcb@temp=\box73
\tcb@temp=\box74
\tcb@temp=\box75
\tcb@temp=\box76

(/usr/local/texlive/2026/texmf-dist/tex/latex/tcolorbox/tcbraster.code.tex
Library (tcolorbox): 'tcbraster.code.tex' version '6.9.0'
\c@tcbrastercolumn=\count339
\c@tcbrasterrow=\count340
\c@tcbrasternum=\count341
\c@tcbraster=\count342
) (/usr/local/texlive/2026/texmf-dist/tex/latex/tcolorbox/tcbskins.code.tex
Library (tcolorbox): 'tcbskins.code.tex' version '6.9.0'
(/usr/local/texlive/2026/texmf-dist/tex/latex/tikzfill/tikzfill.image.sty
Package: tikzfill.image 2026/03/26 v1.1.0 Image filling library for TikZ

(/usr/local/texlive/2026/texmf-dist/tex/latex/tikzfill/tikzlibraryfill.image.co
de.tex
File: tikzlibraryfill.image.code.tex 2026/03/26 v1.1.0 Image filling library
\l__tikzfill_tmpa_dim=\dimen301
\l__tikzfill_tmpb_dim=\dimen302
\l__tikzfill_img_box=\box77
))
(/usr/local/texlive/2026/texmf-dist/tex/latex/tcolorbox/tcbskinsjigsaw.code.tex
Library (tcolorbox): 'tcbskinsjigsaw.code.tex' version '6.9.0'
))
(/usr/local/texlive/2026/texmf-dist/tex/latex/tcolorbox/tcbbreakable.code.tex
Library (tcolorbox): 'tcbbreakable.code.tex' version '6.9.0'
(/usr/local/texlive/2026/texmf-dist/tex/latex/pdfcol/pdfcol.sty
Package: pdfcol 2022-09-21 v1.7 Handle new color stacks for pdfTeX (HO)

(/usr/local/texlive/2026/texmf-dist/tex/generic/ltxcmds/ltxcmds.sty
Package: ltxcmds 2023-12-04 v1.26 LaTeX kernel commands for general use (HO)
)
(/usr/local/texlive/2026/texmf-dist/tex/generic/infwarerr/infwarerr.sty
Package: infwarerr 2019/12/03 v1.5 Providing info/warning/error messages (HO)
))
Package pdfcol Info: New color stack `tcb@breakable' = 1 on input line 23.
\tcb@testbox=\box78
\tcb@totalupperbox=\box79
\tcb@totallowerbox=\box80
)
(/usr/local/texlive/2026/texmf-dist/tex/latex/tcolorbox/tcbhooks.code.tex
Library (tcolorbox): 'tcbhooks.code.tex' version '6.9.0'
) (/usr/local/texlive/2026/texmf-dist/tex/latex/tcolorbox/tcbtheorems.code.tex
Library (tcolorbox): 'tcbtheorems.code.tex' version '6.9.0'
) (/usr/local/texlive/2026/texmf-dist/tex/latex/tcolorbox/tcbfitting.code.tex
Library (tcolorbox): 'tcbfitting.code.tex' version '6.9.0'
\tcbfitdim=\dimen303
\tcb@lowerfitdim=\dimen304
\tcb@upperfitdim=\dimen305
\tcb@cur@hbadness=\count343
)
(/usr/local/texlive/2026/texmf-dist/tex/latex/tcolorbox/tcblistingsutf8.code.te
x
Library (tcolorbox): 'tcblistingsutf8.code.tex' version '6.9.0'
(/usr/local/texlive/2026/texmf-dist/tex/latex/tcolorbox/tcblistings.code.tex
Library (tcolorbox): 'tcblistings.code.tex' version '6.9.0'
(/usr/local/texlive/2026/texmf-dist/tex/latex/listings/listings.sty
\lst@mode=\count344
\lst@gtempboxa=\box81
\lst@token=\toks39
\lst@length=\count345
\lst@currlwidth=\dimen306
\lst@column=\count346
\lst@pos=\count347
\lst@lostspace=\dimen307
\lst@width=\dimen308
\lst@newlines=\count348
\lst@lineno=\count349
\lst@maxwidth=\dimen309

(/usr/local/texlive/2026/texmf-dist/tex/latex/listings/lstpatch.sty
File: lstpatch.sty 2025/11/14 1.11b (Carsten Heinz)
)
(/usr/local/texlive/2026/texmf-dist/tex/latex/listings/lstmisc.sty
File: lstmisc.sty 2025/11/14 1.11b (Carsten Heinz)
\c@lstnumber=\count350
\lst@skipnumbers=\count351
\lst@framebox=\box82
)
(/usr/local/texlive/2026/texmf-dist/tex/latex/listings/listings.cfg
File: listings.cfg 2025/11/14 1.11b listings configuration
))
Package: listings 2025/11/14 1.11b (Carsten Heinz)

==> First Aid for listings.sty no longer applied!
    Expected:
        2024/09/23 1.10c (Carsten Heinz)
    but found:
        2025/11/14 1.11b (Carsten Heinz)
    so I'm assuming it got fixed.

(/usr/local/texlive/2026/texmf-dist/tex/latex/tcolorbox/tcblistingscore.code.te
x
Library (tcolorbox): 'tcblistingscore.code.tex' version '6.9.0'
(/usr/local/texlive/2026/texmf-dist/tex/latex/tcolorbox/tcbprocessing.code.tex
Library (tcolorbox): 'tcbprocessing.code.tex' version '6.9.0'
)
\c@tcblisting=\count352
)) (/usr/local/texlive/2026/texmf-dist/tex/latex/listingsutf8/listingsutf8.sty
Package: listingsutf8 2019-12-10 v1.5 Allow UTF-8 in listings input (HO)
(/usr/local/texlive/2026/texmf-dist/tex/generic/pdftexcmds/pdftexcmds.sty
Package: pdftexcmds 2020-06-27 v0.33 Utility functions of pdfTeX for LuaTeX (HO
)
Package pdftexcmds Info: \pdf@primitive is available.
Package pdftexcmds Info: \pdf@ifprimitive is available.
Package pdftexcmds Info: \pdfdraftmode found.
)
(/usr/local/texlive/2026/texmf-dist/tex/generic/stringenc/stringenc.sty
Package: stringenc 2019/11/29 v1.12 Convert strings between diff. encodings (HO
)

(/usr/local/texlive/2026/texmf-dist/tex/generic/pdfescape/pdfescape.sty
Package: pdfescape 2019/12/09 v1.15 Implements pdfTeX's escape features (HO)
))))
(/usr/local/texlive/2026/texmf-dist/tex/latex/tcolorbox/tcbexternal.code.tex
Library (tcolorbox): 'tcbexternal.code.tex' version '6.9.0'
) (/usr/local/texlive/2026/texmf-dist/tex/latex/tcolorbox/tcbmagazine.code.tex
Library (tcolorbox): 'tcbmagazine.code.tex' version '6.9.0'
) (/usr/local/texlive/2026/texmf-dist/tex/latex/tcolorbox/tcbvignette.code.tex
Library (tcolorbox): 'tcbvignette.code.tex' version '6.9.0'

(/usr/local/texlive/2026/texmf-dist/tex/generic/pgf/frontendlayer/tikz/librarie
s/tikzlibraryfadings.code.tex
File: tikzlibraryfadings.code.tex 2025-08-29 v3.1.11a (3.1.11a)

(/usr/local/texlive/2026/texmf-dist/tex/generic/pgf/libraries/pgflibraryfadings
.code.tex
File: pgflibraryfadings.code.tex 2025-08-29 v3.1.11a (3.1.11a)
)))
(/usr/local/texlive/2026/texmf-dist/tex/latex/tcolorbox/tcbposter.code.tex
Library (tcolorbox): 'tcbposter.code.tex' version '6.9.0'
)) (/usr/local/texlive/2026/texmf-dist/tex/latex/graphics/rotating.sty
Package: rotating 2025/01/14 v2.16e rotated objects in LaTeX
\c@r@tfl@t=\count353
\rotFPtop=\skip70
\rotFPbot=\skip71
\rot@float@box=\box83
\rot@mess@toks=\toks40
)
(/usr/local/texlive/2026/texmf-dist/tex/latex/base/fixltx2e.sty
Package: fixltx2e 2016/12/29 v2.1a fixes to LaTeX (obsolete)
Applying: [2015/01/01] Old fixltx2e package on input line 46.


Package fixltx2e Warning: fixltx2e is not required with releases after 2015
(fixltx2e)                All fixes are now in the LaTeX kernel.
(fixltx2e)                See the latexrelease package for details.

Already applied: [0000/00/00] Old fixltx2e package on input line 53.
) (/usr/local/texlive/2026/texmf-dist/tex/latex/hyperref/hyperref.sty
Package: hyperref 2026-01-29 v7.01p Hypertext links for LaTeX

(/usr/local/texlive/2026/texmf-dist/tex/latex/kvsetkeys/kvsetkeys.sty
Package: kvsetkeys 2022-10-05 v1.19 Key value parser (HO)
)
(/usr/local/texlive/2026/texmf-dist/tex/generic/kvdefinekeys/kvdefinekeys.sty
Package: kvdefinekeys 2019-12-19 v1.6 Define keys (HO)
)
(/usr/local/texlive/2026/texmf-dist/tex/latex/hycolor/hycolor.sty
Package: hycolor 2020-01-27 v1.10 Color options for hyperref/bookmark (HO)
)
(/usr/local/texlive/2026/texmf-dist/tex/latex/hyperref/nameref.sty
Package: nameref 2026-01-29 v2.58 Cross-referencing by name of section

(/usr/local/texlive/2026/texmf-dist/tex/latex/refcount/refcount.sty
Package: refcount 2019/12/15 v3.6 Data extraction from label references (HO)
)
(/usr/local/texlive/2026/texmf-dist/tex/generic/gettitlestring/gettitlestring.s
ty
Package: gettitlestring 2019/12/15 v1.6 Cleanup title references (HO)
 (/usr/local/texlive/2026/texmf-dist/tex/latex/kvoptions/kvoptions.sty
Package: kvoptions 2022-06-15 v3.15 Key value format for package options (HO)
))
\c@section@level=\count354
)
\@linkdim=\dimen310
\Hy@linkcounter=\count355
\Hy@pagecounter=\count356

(/usr/local/texlive/2026/texmf-dist/tex/latex/hyperref/pd1enc.def
File: pd1enc.def 2026-01-29 v7.01p Hyperref: PDFDocEncoding definition (HO)
Now handling font encoding PD1 ...
... no UTF-8 mapping file for font encoding PD1
)
(/usr/local/texlive/2026/texmf-dist/tex/generic/intcalc/intcalc.sty
Package: intcalc 2019/12/15 v1.3 Expandable calculations with integers (HO)
)
\Hy@SavedSpaceFactor=\count357

(/usr/local/texlive/2026/texmf-dist/tex/latex/hyperref/puenc.def
File: puenc.def 2026-01-29 v7.01p Hyperref: PDF Unicode definition (HO)
Now handling font encoding PU ...
... no UTF-8 mapping file for font encoding PU

(/usr/local/texlive/2026/texmf-dist/tex/latex/greek-fontenc/puenc-greek.def
File: puenc-greek.def 2023-09-12 2.5 Greek LICRs for PDF strings

(/usr/local/texlive/2026/texmf-dist/tex/latex/greek-fontenc/greek-fontenc.def
File: greek-fontenc.def 2023-09-12 2.5 Common Greek font encoding definitions
)
LaTeX Encoding Info:    Redeclaring text command \textmu (encoding PU) on input
 line 179.
)
LaTeX Encoding Info:    Redeclaring text command \textohm (encoding PU) on inpu
t line 1176.
)
Package hyperref Info: Hyper figures OFF on input line 4201.
Package hyperref Info: Link nesting OFF on input line 4206.
Package hyperref Info: Hyper index ON on input line 4209.
Package hyperref Info: Plain pages OFF on input line 4216.
Package hyperref Info: Backreferencing OFF on input line 4221.
Package hyperref Info: Implicit mode ON; LaTeX internals redefined.
Package hyperref Info: Bookmarks ON on input line 4468.
\c@Hy@tempcnt=\count358
 (/usr/local/texlive/2026/texmf-dist/tex/latex/url/url.sty
\Urlmuskip=\muskip18
Package: url 2013/09/16  ver 3.4  Verb mode for urls, etc.
)
LaTeX Info: Redefining \url on input line 4807.
\XeTeXLinkMargin=\dimen311

(/usr/local/texlive/2026/texmf-dist/tex/generic/bitset/bitset.sty
Package: bitset 2019/12/09 v1.3 Handle bit-vector datatype (HO)

(/usr/local/texlive/2026/texmf-dist/tex/generic/bigintcalc/bigintcalc.sty
Package: bigintcalc 2019/12/15 v1.5 Expandable calculations on big integers (HO
)
))
\Fld@menulength=\count359
\Field@Width=\dimen312
\Fld@charsize=\dimen313
Package hyperref Info: Hyper figures OFF on input line 6084.
Package hyperref Info: Link nesting OFF on input line 6089.
Package hyperref Info: Hyper index ON on input line 6092.
Package hyperref Info: backreferencing OFF on input line 6099.
Package hyperref Info: Link coloring OFF on input line 6104.
Package hyperref Info: Link coloring with OCG OFF on input line 6109.
Package hyperref Info: PDF/A mode OFF on input line 6114.
\Hy@abspage=\count360
\c@Item=\count361
\c@Hfootnote=\count362
)
Package hyperref Info: Driver (autodetected): hpdftex.

(/usr/local/texlive/2026/texmf-dist/tex/latex/hyperref/hpdftex.def
File: hpdftex.def 2026-01-29 v7.01p Hyperref driver for pdfTeX
\Fld@listcount=\count363
\c@bookmark@seq@number=\count364

(/usr/local/texlive/2026/texmf-dist/tex/latex/rerunfilecheck/rerunfilecheck.sty
Package: rerunfilecheck 2025-06-21 v1.11 Rerun checks for auxiliary files (HO)

(/usr/local/texlive/2026/texmf-dist/tex/generic/uniquecounter/uniquecounter.sty
Package: uniquecounter 2019/12/15 v1.4 Provide unlimited unique counter (HO)
)
Package uniquecounter Info: New unique counter `rerunfilecheck' on input line 2
84.
)
\Hy@SectionHShift=\skip72
) (/usr/local/texlive/2026/texmf-dist/tex/latex/eso-pic/eso-pic.sty
Package: eso-pic 2025/12/10 v3.0d eso-pic (RN)
\ESO@tempdima=\dimen314
\ESO@tempdimb=\dimen315
)
(/usr/local/texlive/2026/texmf-dist/tex/latex/pdfpages/pdfpages.sty
Package: pdfpages 2026/03/30 v0.6h Insert pages of external PDF documents (AM)
\AM@pagewidth=\dimen316
\AM@pageheight=\dimen317
\AM@fboxrule=\dimen318

(/usr/local/texlive/2026/texmf-dist/tex/latex/pdfpages/pppdftex.def
File: pppdftex.def 2026/03/30 v0.6h Pdfpages driver for pdfTeX (AM)
)
\pdfpages@includegraphics@status=\count365
\AM@pagebox=\box84
\AM@global@opts=\toks41
\AM@pagecnt=\count366
\AM@toc@title=\toks42
\AM@lof@heading=\toks43
\c@AM@survey=\count367
\AM@templatesizebox=\box85
)
(/usr/local/texlive/2026/texmf-dist/tex/latex/geometry/geometry.sty
Package: geometry 2026/03/07 v6.0 Page Geometry

(/usr/local/texlive/2026/texmf-dist/tex/generic/iftex/ifvtex.sty
Package: ifvtex 2019/10/25 v1.7 ifvtex legacy package. Use iftex instead.
)
\Gm@cnth=\count368
\Gm@cntv=\count369
\c@Gm@tempcnt=\count370
\Gm@bindingoffset=\dimen319
\Gm@wd@mp=\dimen320
\Gm@odd@mp=\dimen321
\Gm@even@mp=\dimen322
\Gm@layoutwidth=\dimen323
\Gm@layoutheight=\dimen324
\Gm@layouthoffset=\dimen325
\Gm@layoutvoffset=\dimen326
\Gm@dimlist=\toks44
)
(/usr/local/texlive/2026/texmf-dist/tex/latex/amsfonts/amssymb.sty
Package: amssymb 2013/01/14 v3.01 AMS font symbols

(/usr/local/texlive/2026/texmf-dist/tex/latex/amsfonts/amsfonts.sty
Package: amsfonts 2013/01/14 v3.01 Basic AMSFonts support
\symAMSa=\mathgroup4
\symAMSb=\mathgroup5
LaTeX Font Info:    Redeclaring math symbol \hbar on input line 98.
LaTeX Font Info:    Overwriting math alphabet `\mathfrak' in version `bold'
(Font)                  U/euf/m/n --> U/euf/b/n on input line 106.
))
(/usr/local/texlive/2026/texmf-dist/tex/latex/amscls/amsthm.sty
Package: amsthm 2020/05/29 v2.20.6
\thm@style=\toks45
\thm@bodyfont=\toks46
\thm@headfont=\toks47
\thm@notefont=\toks48
\thm@headpunct=\toks49
\thm@preskip=\skip73
\thm@postskip=\skip74
\thm@headsep=\skip75
\dth@everypar=\toks50
)
(/usr/local/texlive/2026/texmf-dist/tex/latex/mathtools/mathtools.sty
Package: mathtools 2024/10/04 v1.31 mathematical typesetting tools

(/usr/local/texlive/2026/texmf-dist/tex/latex/mathtools/mhsetup.sty
Package: mhsetup 2021/03/18 v1.4 programming setup (MH)
)
\g_MT_multlinerow_int=\count371
\l_MT_multwidth_dim=\dimen327
\origjot=\skip76
\l_MT_shortvdotswithinadjustabove_dim=\dimen328
\l_MT_shortvdotswithinadjustbelow_dim=\dimen329
\l_MT_above_intertext_sep=\dimen330
\l_MT_below_intertext_sep=\dimen331
\l_MT_above_shortintertext_sep=\dimen332
\l_MT_below_shortintertext_sep=\dimen333
\xmathstrut@box=\box86
\xmathstrut@dim=\dimen334
)
(/usr/local/texlive/2026/texmf-dist/tex/latex/jknapltx/mathrsfs.sty
Package: mathrsfs 1996/01/01 Math RSFS package v1.0 (jk)
\symrsfs=\mathgroup6
)
(/usr/local/texlive/2026/texmf-dist/tex/latex/siunitx/siunitx.sty
Package: siunitx 2026-04-15 v3.5.4 A comprehensive (SI) units package
\l__siunitx_number_uncert_offset_int=\count372
\l__siunitx_number_exponent_fixed_int=\count373
\l__siunitx_number_min_decimal_int=\count374
\l__siunitx_number_min_integer_int=\count375
\l__siunitx_number_round_precision_int=\count376
\l__siunitx_number_lower_threshold_int=\count377
\l__siunitx_number_upper_threshold_int=\count378
\l__siunitx_number_group_first_int=\count379
\l__siunitx_number_group_size_int=\count380
\l__siunitx_number_group_min_int=\count381
\l__siunitx_number_group_minimum_int=\count382
\l__siunitx_compound_count_int=\count383

(/usr/local/texlive/2026/texmf-dist/tex/latex/translations/translations.sty
Package: translations 2022/02/05 v1.12 internationalization of LaTeX2e packages
 (CN)
)
\l__siunitx_table_tmp_box=\box87
\l__siunitx_table_tmp_dim=\dimen335
\l__siunitx_table_column_width_dim=\dimen336
\l__siunitx_table_integer_box=\box88
\l__siunitx_table_decimal_box=\box89
\l__siunitx_table_uncert_box=\box90
\l__siunitx_table_before_box=\box91
\l__siunitx_table_after_box=\box92
\l__siunitx_table_before_dim=\dimen337
\l__siunitx_table_carry_dim=\dimen338
\l__siunitx_unit_tmp_int=\count384
\l__siunitx_unit_position_int=\count385
\l__siunitx_unit_total_int=\count386
\l__siunitx_sexagesimal_tmp_dim=\dimen339
\l__siunitx_sexagesimal_marker_box=\box93
\l__siunitx_sexagesimal_unit_box=\box94

(/usr/local/texlive/2026/texmf-dist/tex/latex/tools/array.sty
Package: array 2025/09/25 v2.6n Tabular extension package (FMi)
\col@sep=\dimen340
\ar@mcellbox=\box95
\extrarowheight=\dimen341
\NC@list=\toks51
\extratabsurround=\skip77
\backup@length=\skip78
\ar@cellbox=\box96
))

Package siunitx Info: Option "detect-weight" has been deprecated in this
(siunitx)             release.
(siunitx)             
(siunitx)             Use "reset-text-series = false, text-series-to-math =
(siunitx)             true" as a replacement.


Package siunitx Info: Option "detect-family" has been deprecated in this
(siunitx)             release.
(siunitx)             
(siunitx)             Use "reset-text-family = false, text-family-to-math =
(siunitx)             true" as a replacement.


(/usr/local/texlive/2026/texmf-dist/tex/latex/eurosym/eurosym.sty
Package: eurosym 1998/08/06 v1.1 European currency symbol ``Euro''
\@eurobox=\box97
)
(/usr/local/texlive/2026/texmf-dist/tex/latex/multirow/multirow.sty
Package: multirow 2024/11/12 v2.9 Span multiple rows of a table
\multirow@colwidth=\skip79
\multirow@cntb=\count387
\multirow@dima=\skip80
\bigstrutjot=\dimen342
)
(/usr/local/texlive/2026/texmf-dist/tex/latex/adjustbox/adjustbox.sty
Package: adjustbox 2025/02/26 v1.3c Adjusting TeX boxes (trim, clip, ...)

(/usr/local/texlive/2026/texmf-dist/tex/latex/adjustbox/adjcalc.sty
Package: adjcalc 2012/05/16 v1.1 Provides advanced setlength with multiple back
-ends (calc, etex, pgfmath)
)
(/usr/local/texlive/2026/texmf-dist/tex/latex/adjustbox/trimclip.sty
Package: trimclip 2025/02/21 v1.2a Trim and clip general TeX material

(/usr/local/texlive/2026/texmf-dist/tex/latex/collectbox/collectbox.sty
Package: collectbox 2022/10/17 v0.4c Collect macro arguments as boxes
\collectedbox=\box98
)
\tc@llx=\dimen343
\tc@lly=\dimen344
\tc@urx=\dimen345
\tc@ury=\dimen346
Package trimclip Info: Using driver 'tc-pdftex.def'.

(/usr/local/texlive/2026/texmf-dist/tex/latex/adjustbox/tc-pdftex.def
File: tc-pdftex.def 2025/02/26 v2.3 Clipping driver for pdftex
))
\adjbox@Width=\dimen347
\adjbox@Height=\dimen348
\adjbox@Depth=\dimen349
\adjbox@Totalheight=\dimen350
\adjbox@pwidth=\dimen351
\adjbox@pheight=\dimen352
\adjbox@pdepth=\dimen353
\adjbox@ptotalheight=\dimen354

(/usr/local/texlive/2026/texmf-dist/tex/latex/ifoddpage/ifoddpage.sty
Package: ifoddpage 2022/10/18 v1.2 Conditionals for odd/even page detection
\c@checkoddpage=\count388
LaTeX Info: Redefining \checkoddpage on input line 45.
)
(/usr/local/texlive/2026/texmf-dist/tex/latex/varwidth/varwidth.sty
Package: varwidth 2009/03/30 ver 0.92;  Variable-width minipages
\@vwid@box=\box99
\sift@deathcycles=\count389
\@vwid@loff=\dimen355
\@vwid@roff=\dimen356
)
==> First Aid for varwidth.sty applied!
) (/usr/local/texlive/2026/texmf-dist/tex/latex/caption/caption.sty
Package: caption 2023/08/05 v3.6o Customizing captions (AR)

(/usr/local/texlive/2026/texmf-dist/tex/latex/caption/caption3.sty
Package: caption3 2023/07/31 v2.4d caption3 kernel (AR)
\caption@tempdima=\dimen357
\captionmargin=\dimen358
\caption@leftmargin=\dimen359
\caption@rightmargin=\dimen360
\caption@width=\dimen361
\caption@indent=\dimen362
\caption@parindent=\dimen363
\caption@hangindent=\dimen364
Package caption Info: Standard document class detected.
)
\c@caption@flags=\count390
\c@continuedfloat=\count391
Package caption Info: changepage package is loaded.
\caption@adjustwidth@hsize=\dimen365
\caption@adjustwidth@linewidth=\dimen366
Package caption Info: hyperref package is loaded.
Package caption Info: listings package is loaded.
Package caption Info: rotating package is loaded.
Package caption Info: supertabular package is loaded.
Package caption Info: threeparttable package is loaded.
)
(/usr/local/texlive/2026/texmf-dist/tex/latex/caption/subcaption.sty
Package: subcaption 2023/07/28 v1.6b Sub-captions (AR)
Package caption Info: New subtype `subfigure' on input line 238.
\c@subfigure=\count392
Package caption Info: New subtype `subtable' on input line 238.
\c@subtable=\count393
)
(/usr/local/texlive/2026/texmf-dist/tex/latex/svg/svg.sty
Package: svg 2020/11/26 v2.02k (include SVG pictures)

(/usr/local/texlive/2026/texmf-dist/tex/latex/koma-script/scrbase.sty
Package: scrbase 2026/02/02 v3.49.2 KOMA-Script package (KOMA-Script-independen
t basics and keyval usage)

(/usr/local/texlive/2026/texmf-dist/tex/latex/koma-script/scrlfile.sty
Package: scrlfile 2026/02/02 v3.49.2 KOMA-Script package (file load hooks)

(/usr/local/texlive/2026/texmf-dist/tex/latex/koma-script/scrlfile-hook.sty
Package: scrlfile-hook 2026/02/02 v3.49.2 KOMA-Script package (using LaTeX hook
s)

(/usr/local/texlive/2026/texmf-dist/tex/latex/koma-script/scrlogo.sty
Package: scrlogo 2026/02/02 v3.49.2 KOMA-Script package (logo)
)))
Applying: [2021/05/01] Usage of raw or classic option list on input line 254.
Already applied: [0000/00/00] Usage of raw or classic option list on input line
 370.
)
(/usr/local/texlive/2026/texmf-dist/tex/latex/tools/shellesc.sty
Package: shellesc 2023/07/08 v1.0d unified shell escape interface for LaTeX
Package shellesc Info: Restricted shell escape enabled on input line 77.
)
\c@svg@param@lastpage=\count394
\svg@box=\box100
\c@svg@param@currpage=\count395
)
(/usr/local/texlive/2026/texmf-dist/tex/latex/transparent/transparent.sty
Package: transparent 2025-06-23 v1.6 Transparency with color stacks

(/usr/local/texlive/2026/texmf-dist/tex/latex/transparent/transparent-nometadat
a.sty
Package: transparent-nometadata 2025-06-23 v1.6 Transparency via pdfTeX's color
 stack (HO)
 (/usr/local/texlive/2026/texmf-dist/tex/latex/auxhook/auxhook.sty
Package: auxhook 2019-12-17 v1.6 Hooks for auxiliary files (HO)
)))
(/usr/local/texlive/2026/texmf-dist/tex/latex/float/float.sty
Package: float 2001/11/08 v1.3d Float enhancements (AL)
\c@float@type=\count396
\float@exts=\toks52
\float@box=\box101
\@float@everytoks=\toks53
\@floatcapt=\box102
)
(/usr/local/texlive/2026/texmf-dist/tex/latex/booktabs/booktabs.sty
Package: booktabs 2020/01/12 v1.61803398 Publication quality tables
\heavyrulewidth=\dimen367
\lightrulewidth=\dimen368
\cmidrulewidth=\dimen369
\belowrulesep=\dimen370
\belowbottomsep=\dimen371
\aboverulesep=\dimen372
\abovetopsep=\dimen373
\cmidrulesep=\dimen374
\cmidrulekern=\dimen375
\defaultaddspace=\dimen376
\@cmidla=\count397
\@cmidlb=\count398
\@aboverulesep=\dimen377
\@belowrulesep=\dimen378
\@thisruleclass=\count399
\@lastruleclass=\count400
\@thisrulewidth=\dimen379
)
(/usr/local/texlive/2026/texmf-dist/tex/latex/paralist/paralist.sty
Package: paralist 2017/01/22 v2.7 Extended list environments
\pltopsep=\skip81
\plpartopsep=\skip82
\plitemsep=\skip83
\plparsep=\skip84
\pl@lab=\toks54
)
(/usr/local/texlive/2026/texmf-dist/tex/latex/placeins/placeins.sty
Package: placeins 2005/04/18  v 2.2
)
(/usr/local/texlive/2026/texmf-dist/tex/latex/hanging/hanging.sty
Package: hanging 2009/09/02 v1.2b hanging paragraphs and punctuation
\h@ngcommawd=\skip85
\h@ngfstopwd=\skip86
\h@ngquotewd=\skip87
\h@ngdquotewd=\skip88
\h@ngquerywd=\skip89
\h@ngexclwd=\skip90
\h@ngcolonwd=\skip91
\h@ngscolonwd=\skip92
)
(/usr/local/texlive/2026/texmf-dist/tex/latex/sidecap/sidecap.sty
Package: sidecap 2023/01/24 v1.7a SideCap Package (RN/HjG)
\SC@BOXWD=\dimen380
\SC@CAPWD=\dimen381
\SC@tempdima=\dimen382
\SC@tempdimb=\dimen383
\c@SC@C=\count401
\SC@BOX=\box103
)
(/usr/local/texlive/2026/texmf-dist/tex/latex/fancyhdr/fancyhdr.sty
Package: fancyhdr 2025/02/07 v5.2 Extensive control of page headers and footers

\f@nch@headwidth=\skip93
\f@nch@offset@elh=\skip94
\f@nch@offset@erh=\skip95
\f@nch@offset@olh=\skip96
\f@nch@offset@orh=\skip97
\f@nch@offset@elf=\skip98
\f@nch@offset@erf=\skip99
\f@nch@offset@olf=\skip100
\f@nch@offset@orf=\skip101
\f@nch@height=\skip102
\f@nch@footalignment=\skip103
\f@nch@widthL=\skip104
\f@nch@widthC=\skip105
\f@nch@widthR=\skip106
\@temptokenb=\toks55
)
(/usr/local/texlive/2026/texmf-dist/tex/latex/emptypage/emptypage.sty
Package: emptypage 2010/05/30 v1.2 Suppress page numbers and headings on empty 
pages
)
(/usr/local/texlive/2026/texmf-dist/tex/latex/fncychap/fncychap.sty
Package: fncychap 2007/07/30 v1.34 LaTeX package (Revised chapters)
\RW=\skip107
\mylen=\skip108
\myhi=\skip109
\px=\skip110
\py=\skip111
\pyy=\skip112
\pxx=\skip113
)
(/usr/local/texlive/2026/texmf-dist/tex/latex/titlesec/titlesec.sty
Package: titlesec 2025/01/04 v2.17 Sectioning titles
\ttl@box=\box104
\beforetitleunit=\skip114
\aftertitleunit=\skip115
\ttl@plus=\dimen384
\ttl@minus=\dimen385
\ttl@toksa=\toks56
\titlewidth=\dimen386
\titlewidthlast=\dimen387
\titlewidthfirst=\dimen388
)
(/usr/local/texlive/2026/texmf-dist/tex/latex/lipsum/lipsum.sty
Package: lipsum 2021-09-20 v2.7 150 paragraphs of Lorem Ipsum dummy text
\g__lipsum_par_int=\count402
\l__lipsum_a_int=\count403
\l__lipsum_b_int=\count404

(/usr/local/texlive/2026/texmf-dist/tex/latex/lipsum/lipsum.ltd.tex))
\chapnumb=\skip116
\c@ttlp@side=\count405
\ttlp@side=\count406

(/usr/local/texlive/2026/texmf-dist/tex/latex/tocbibind/tocbibind.sty
Package: tocbibind 2010/10/13 v1.5k extra ToC listings
Package tocbibind Info: The document has chapter divisions on input line 50.


Package tocbibind Note: Using chapter style headings, unless overridden.

) (/usr/local/texlive/2026/texmf-dist/tex/latex/tocloft/tocloft.sty
Package: tocloft 2017/08/31 v2.3i parameterised ToC, etc., typesetting
Package tocloft Info: The document has chapter divisions on input line 51.
\cftparskip=\skip117
\cftbeforetoctitleskip=\skip118
\cftaftertoctitleskip=\skip119
\cftbeforepartskip=\skip120
\cftpartnumwidth=\skip121
\cftpartindent=\skip122
\cftbeforechapskip=\skip123
\cftchapindent=\skip124
\cftchapnumwidth=\skip125
\cftbeforesecskip=\skip126
\cftsecindent=\skip127
\cftsecnumwidth=\skip128
\cftbeforesubsecskip=\skip129
\cftsubsecindent=\skip130
\cftsubsecnumwidth=\skip131
\cftbeforesubsubsecskip=\skip132
\cftsubsubsecindent=\skip133
\cftsubsubsecnumwidth=\skip134
\cftbeforeparaskip=\skip135
\cftparaindent=\skip136
\cftparanumwidth=\skip137
\cftbeforesubparaskip=\skip138
\cftsubparaindent=\skip139
\cftsubparanumwidth=\skip140
\cftbeforeloftitleskip=\skip141
\cftafterloftitleskip=\skip142
\cftbeforefigskip=\skip143
\cftfigindent=\skip144
\cftfignumwidth=\skip145
\c@lofdepth=\count407
\c@lotdepth=\count408
\cftbeforelottitleskip=\skip146
\cftafterlottitleskip=\skip147
\cftbeforetabskip=\skip148
\cfttabindent=\skip149
\cfttabnumwidth=\skip150
)
(/usr/local/texlive/2026/texmf-dist/tex/latex/epigraph/epigraph.sty
Package: epigraph 2020/01/02 v1.5e typesetting epigraphs

(/usr/local/texlive/2026/texmf-dist/tex/latex/nextpage/nextpage.sty
Package: nextpage 2009/09/03 v1.1a additional page commands
)
\beforeepigraphskip=\skip151
\afterepigraphskip=\skip152
\epigraphwidth=\skip153
\epigraphrule=\skip154
)
(/usr/local/texlive/2026/texmf-dist/tex/latex/titling/titling.sty
Package: titling 2009/09/04 v2.1d maketitle typesetting
\thanksmarkwidth=\skip155
\thanksmargin=\skip156
\droptitle=\skip157
)
(/usr/local/texlive/2026/texmf-dist/tex/latex/csquotes/csquotes.sty
Package: csquotes 2024-04-04 v5.2o context-sensitive quotations (JAW)
\csq@reset=\count409
\csq@gtype=\count410
\csq@glevel=\count411
\csq@qlevel=\count412
\csq@maxlvl=\count413
\csq@tshold=\count414
\csq@ltx@everypar=\toks57

(/usr/local/texlive/2026/texmf-dist/tex/latex/csquotes/csquotes.def
File: csquotes.def 2024-04-04 v5.2o csquotes generic definitions (JAW)
)
Package csquotes Info: Trying to load configuration file 'csquotes.cfg'...
Package csquotes Info: ... configuration file loaded successfully.

(/usr/local/texlive/2026/texmf-dist/tex/latex/csquotes/csquotes.cfg
File: csquotes.cfg 
))
(/usr/local/texlive/2026/texmf-dist/tex/latex/tools/afterpage.sty
Package: afterpage 2023/07/04 v1.08 After-Page Package (DPC)
\AP@output=\toks58
\AP@partial=\box105
\AP@footins=\box106
)
(/usr/local/texlive/2026/texmf-dist/tex/latex/todonotes/todonotes.sty
Package: todonotes 2024/01/05 v1.1.7 Todonotes source and documentation.
Package: todonotes 2024/01/05

(/usr/local/texlive/2026/texmf-dist/tex/generic/pgf/frontendlayer/tikz/librarie
s/tikzlibrarypositioning.code.tex
File: tikzlibrarypositioning.code.tex 2025-08-29 v3.1.11a (3.1.11a)
)
\c@@todonotes@numberoftodonotes=\count415
)
(/usr/local/texlive/2026/texmf-dist/tex/latex/bookmark/bookmark.sty
Package: bookmark 2023-12-10 v1.31 PDF bookmarks (HO)

(/usr/local/texlive/2026/texmf-dist/tex/latex/bookmark/bkm-pdftex.def
File: bkm-pdftex.def 2023-12-10 v1.31 bookmark driver for pdfTeX and luaTeX (HO
)
\BKM@id=\count416
))
(/usr/local/texlive/2026/texmf-dist/tex/latex/acronym/acronym.sty
Package: acronym 2025/01/17 v1.50 Support for acronyms (Tobias Oetiker)

(/usr/local/texlive/2026/texmf-dist/tex/latex/bigfoot/suffix.sty
Package: suffix 2006/07/15 1.5a Variant command support
)
\AC@clearlist=\toks59
)
(/usr/local/texlive/2026/texmf-dist/tex/latex/cleveref/cleveref.sty
Package: cleveref 2018/03/27 v0.21.4 Intelligent cross-referencing
Package cleveref Info: `hyperref' support loaded on input line 2370.
LaTeX Info: Redefining \cref on input line 2370.
LaTeX Info: Redefining \Cref on input line 2370.
LaTeX Info: Redefining \crefrange on input line 2370.
LaTeX Info: Redefining \Crefrange on input line 2370.
LaTeX Info: Redefining \cpageref on input line 2370.
LaTeX Info: Redefining \Cpageref on input line 2370.
LaTeX Info: Redefining \cpagerefrange on input line 2370.
LaTeX Info: Redefining \Cpagerefrange on input line 2370.
LaTeX Info: Redefining \labelcref on input line 2370.
LaTeX Info: Redefining \labelcpageref on input line 2370.
Package cleveref Info: `amsthm' support loaded on input line 3026.
Package cleveref Info: `listings' support loaded on input line 3131.
Package cleveref Info: include cross-reference names in hyperlinks on input lin
e 7836.
Package cleveref Info: include cross-reference names in hyperlinks on input lin
e 7852.
)
==> First Aid for cleveref.sty applied!
Package hyperref Info: Option `colorlinks' set `true' on input line 252.
(/usr/local/texlive/2026/texmf-dist/tex/latex/biblatex/biblatex.sty
Package: biblatex 2025/07/10 v3.21 programmable bibliographies (PK/MW)

(/usr/local/texlive/2026/texmf-dist/tex/latex/logreq/logreq.sty
Package: logreq 2010/08/04 v1.0 xml request logger
\lrq@indent=\count417

(/usr/local/texlive/2026/texmf-dist/tex/latex/logreq/logreq.def
File: logreq.def 2010/08/04 v1.0 logreq spec v1.0
))
\c@tabx@nest=\count418
\c@listtotal=\count419
\c@listcount=\count420
\c@liststart=\count421
\c@liststop=\count422
\c@citecount=\count423
\c@citetotal=\count424
\c@multicitecount=\count425
\c@multicitetotal=\count426
\c@instcount=\count427
\c@maxnames=\count428
\c@minnames=\count429
\c@maxitems=\count430
\c@minitems=\count431
\c@citecounter=\count432
\c@maxcitecounter=\count433
\c@savedcitecounter=\count434
\c@uniquelist=\count435
\c@uniquename=\count436
\c@refsection=\count437
\c@refsegment=\count438
\c@maxextratitle=\count439
\c@maxextratitleyear=\count440
\c@maxextraname=\count441
\c@maxextradate=\count442
\c@maxextraalpha=\count443
\c@abbrvpenalty=\count444
\c@highnamepenalty=\count445
\c@lownamepenalty=\count446
\c@maxparens=\count447
\c@parenlevel=\count448
\blx@tempcnta=\count449
\blx@tempcntb=\count450
\blx@tempcntc=\count451
\c@blx@maxsection=\count452
\blx@maxsegment@0=\count453
\blx@notetype=\count454
\blx@parenlevel@text=\count455
\blx@parenlevel@foot=\count456
\blx@sectionciteorder@0=\count457
\blx@sectionciteorderinternal@0=\count458
\blx@entrysetcounter=\count459
\blx@biblioinstance=\count460
\labelnumberwidth=\skip158
\labelalphawidth=\skip159
\biblabelsep=\skip160
\bibitemsep=\skip161
\bibnamesep=\skip162
\bibinitsep=\skip163
\bibparsep=\skip164
\bibhang=\skip165
\blx@bcfin=\read5
\blx@bcfout=\write4
\blx@langwohyphens=\language92
\c@mincomprange=\count461
\c@maxcomprange=\count462
\c@mincompwidth=\count463
Package biblatex Info: Trying to load biblatex default data model...
Package biblatex Info: ... file 'blx-dm.def' found.

(/usr/local/texlive/2026/texmf-dist/tex/latex/biblatex/blx-dm.def
File: blx-dm.def 2025/07/10 v3.21 biblatex datamodel (PK/MW)
)
Package biblatex Info: Trying to load biblatex style data model...
Package biblatex Info: ... file 'authoryear.dbx' not found.
Package biblatex Info: Trying to load biblatex custom data model...
Package biblatex Info: ... file 'biblatex-dm.cfg' not found.
\c@afterword=\count464
\c@savedafterword=\count465
\c@annotator=\count466
\c@savedannotator=\count467
\c@author=\count468
\c@savedauthor=\count469
\c@bookauthor=\count470
\c@savedbookauthor=\count471
\c@commentator=\count472
\c@savedcommentator=\count473
\c@editor=\count474
\c@savededitor=\count475
\c@editora=\count476
\c@savededitora=\count477
\c@editorb=\count478
\c@savededitorb=\count479
\c@editorc=\count480
\c@savededitorc=\count481
\c@foreword=\count482
\c@savedforeword=\count483
\c@holder=\count484
\c@savedholder=\count485
\c@introduction=\count486
\c@savedintroduction=\count487
\c@namea=\count488
\c@savednamea=\count489
\c@nameb=\count490
\c@savednameb=\count491
\c@namec=\count492
\c@savednamec=\count493
\c@translator=\count494
\c@savedtranslator=\count495
\c@shortauthor=\count496
\c@savedshortauthor=\count497
\c@shorteditor=\count498
\c@savedshorteditor=\count499
\c@labelname=\count500
\c@savedlabelname=\count501
\c@institution=\count502
\c@savedinstitution=\count503
\c@lista=\count504
\c@savedlista=\count505
\c@listb=\count506
\c@savedlistb=\count507
\c@listc=\count508
\c@savedlistc=\count509
\c@listd=\count510
\c@savedlistd=\count511
\c@liste=\count512
\c@savedliste=\count513
\c@listf=\count514
\c@savedlistf=\count515
\c@location=\count516
\c@savedlocation=\count517
\c@organization=\count518
\c@savedorganization=\count519
\c@origlocation=\count520
\c@savedoriglocation=\count521
\c@origpublisher=\count522
\c@savedorigpublisher=\count523
\c@publisher=\count524
\c@savedpublisher=\count525
\c@language=\count526
\c@savedlanguage=\count527
\c@origlanguage=\count528
\c@savedoriglanguage=\count529
\c@pageref=\count530
\c@savedpageref=\count531
\shorthandwidth=\skip166
\shortjournalwidth=\skip167
\shortserieswidth=\skip168
\shorttitlewidth=\skip169
\shortauthorwidth=\skip170
\shorteditorwidth=\skip171
\locallabelnumberwidth=\skip172
\locallabelalphawidth=\skip173
\localshorthandwidth=\skip174
\localshortjournalwidth=\skip175
\localshortserieswidth=\skip176
\localshorttitlewidth=\skip177
\localshortauthorwidth=\skip178
\localshorteditorwidth=\skip179
Package biblatex Info: Trying to load compatibility code...
Package biblatex Info: ... file 'blx-compat.def' found.

(/usr/local/texlive/2026/texmf-dist/tex/latex/biblatex/blx-compat.def
File: blx-compat.def 2025/07/10 v3.21 biblatex compatibility (PK/MW)
)
Package biblatex Info: Trying to load generic definitions...
Package biblatex Info: ... file 'biblatex.def' found.

(/usr/local/texlive/2026/texmf-dist/tex/latex/biblatex/biblatex.def
File: biblatex.def 2025/07/10 v3.21 biblatex compatibility (PK/MW)
\c@textcitecount=\count532
\c@textcitetotal=\count533
\c@textcitemaxnames=\count534
\c@biburlbigbreakpenalty=\count535
\c@biburlbreakpenalty=\count536
\c@biburlnumpenalty=\count537
\c@biburlucpenalty=\count538
\c@biburllcpenalty=\count539
\biburlbigskip=\muskip19
\biburlnumskip=\muskip20
\biburlucskip=\muskip21
\biburllcskip=\muskip22
\c@smartand=\count540
)
Package biblatex Info: Trying to load natbib compatibility...
Package biblatex Info: ... file 'blx-natbib.def' found.

(/usr/local/texlive/2026/texmf-dist/tex/latex/biblatex/blx-natbib.def
File: blx-natbib.def 2025/07/10 v3.21 biblatex compatibility (PK/MW)
Package biblatex Info: Delimiter 'nameyeardelim' in context '' already defined,
 overwriting.
)
Package biblatex Info: Trying to load bibliography style 'authoryear'...
Package biblatex Info: ... file 'authoryear.bbx' found.

(/usr/local/texlive/2026/texmf-dist/tex/latex/biblatex/bbx/authoryear.bbx
File: authoryear.bbx 2025/07/10 v3.21 biblatex bibliography style (PK/MW)
Package biblatex Info: Trying to load bibliography style 'standard'...
Package biblatex Info: ... file 'standard.bbx' found.

(/usr/local/texlive/2026/texmf-dist/tex/latex/biblatex/bbx/standard.bbx
File: standard.bbx 2025/07/10 v3.21 biblatex bibliography style (PK/MW)
\c@bbx:relatedcount=\count541
\c@bbx:relatedtotal=\count542
))
Package biblatex Info: Trying to load citation style 'authoryear'...
Package biblatex Info: ... file 'authoryear.cbx' found.

(/usr/local/texlive/2026/texmf-dist/tex/latex/biblatex/cbx/authoryear.cbx
File: authoryear.cbx 2025/07/10 v3.21 biblatex citation style (PK/MW)
Package biblatex Info: Redefining '\cite'.
Package biblatex Info: Redefining '\parencite'.
Package biblatex Info: Redefining '\footcite'.
Package biblatex Info: Redefining '\footcitetext'.
Package biblatex Info: Redefining '\smartcite'.
Package biblatex Info: Redefining '\textcite'.
Package biblatex Info: Redefining '\textcites'.
)
Package biblatex Info: Trying to load configuration file...
Package biblatex Info: ... file 'biblatex.cfg' found.

(/usr/local/texlive/2026/texmf-dist/tex/latex/biblatex/biblatex.cfg
File: biblatex.cfg 
)

! Package xkeyval Error: `giveinits' undefined in families `blx@opt@pre'.

See the xkeyval package documentation for explanation.
Type  H <return>  for immediate help.
 ...                                              
                                                  
l.16446 \blx@processoptions
                           
? R
OK, entering \nonstopmode...
Package biblatex Info: Input encoding 'utf8' detected.
Package biblatex Info: Document encoding is UTF8 ....
Package biblatex Info: ... and expl3
(biblatex)             2026-03-20 L3 programming layer (loader) 
(biblatex)             is new enough (at least 2020/04/06),
(biblatex)             setting 'casechanger=expl3'.
(/usr/local/texlive/2026/texmf-dist/tex/latex/biblatex/blx-case-expl3.sty
Package: blx-case-expl3 2025/07/10 v3.21 expl3 case changing code for biblatex
))
(/usr/local/texlive/2026/texmf-dist/tex/latex/colortbl/colortbl.sty
Package: colortbl 2024/10/29 v1.0k Color table columns (DPC)
\everycr=\toks60
\minrowclearance=\skip180
\rownum=\count543
))
(./config/macro.tex)

LaTeX Warning: \include should only be used after \begin{document} on input lin
e 15.

(./others/glossaire.tex
(/usr/local/texlive/2026/texmf-dist/tex/latex/glossaries/base/glossaries.sty
Package: glossaries 2026/03/06 v5.0 (NLCT)

(/usr/local/texlive/2026/texmf-dist/tex/latex/mfirstuc/mfirstuc.sty
Package: mfirstuc 2025/04/03 v2.09 (NLCT)
\@glsmfirst=\toks61
\@glsmrest=\toks62
)
(/usr/local/texlive/2026/texmf-dist/tex/latex/xfor/xfor.sty
Package: xfor 2009/02/05 v1.05 (NLCT)
)
(/usr/local/texlive/2026/texmf-dist/tex/latex/tracklang/tracklang.sty
Package: tracklang 2025/03/11 v1.6.6 (NLCT) Track Languages

(/usr/local/texlive/2026/texmf-dist/tex/generic/tracklang/tracklang.tex)
Package tracklang Info: Tracking dialect `english' (language `english') on inpu
t line 264.
Package tracklang Info: Tracking dialect `english' (language `english') on inpu
t line 264.
)
(/usr/local/texlive/2026/texmf-dist/tex/latex/translator/translator.sty
Package: translator 2021-05-31 v1.12d Easy translation of strings in LaTeX
)
(/usr/local/texlive/2026/texmf-dist/tex/latex/glossaries-english/glossaries-eng
lish.ldf
File: glossaries-english.ldf 2014/11/23 v1.0
)
(/usr/local/texlive/2026/texmf-dist/tex/latex/datatool/datatool-base.sty
Package: datatool-base 2025/12/04 v3.4.3 (NLCT)
\l__datatool_tmpa_int=\count544
\l__datatool_tmpb_int=\count545
\l__datatool_tmpc_int=\count546
\l__datatool_tmpd_int=\count547
\l__datatool_count_int=\count548
\l__datatool_tmp_datatype_int=\count549
\l__datatool_tmpa_dim=\dimen389
\l__datatool_tmpb_dim=\dimen390

(/usr/local/texlive/2026/texmf-dist/tex/latex/datatool/datatool-l3fp.def
File: datatool-l3fp.def 2025/12/04 v3.4.3 (NLCT)
)
\@dtl@toks=\toks63
\@dtl@tmpcount=\count550
\dtl@tmplength=\skip181
\l__datatool_measure_box=\box107
\dtl@sortresult=\count551

(/usr/local/texlive/2026/texmf-dist/tex/latex/datatool/datatool-utf8.ldf
File: datatool-utf8.ldf 2025/12/04 v3.4.3 (NLCT)
)
\@dtl@datatype=\count552
\c_datatool_unknown_int=\count553
\l__datatool_year_int=\count554
\l__datatool_month_int=\count555
\l__datatool_day_int=\count556
\l__datatool_hour_int=\count557
\l__datatool_minute_int=\count558
\l__datatool_second_int=\count559
\l__datatool_tzhour_int=\count560
\l__datatool_tzminute_int=\count561
\l__datatool_julian_int=\count562
\l__datatool_local_julian_int=\count563
\l__datatool_prefix_int=\count564
\l__datatool_suffix_int=\count565
\@dtl@foreach@level=\count566

(/usr/local/texlive/2026/texmf-dist/tex/latex/datatool-english/datatool-english
.ldf
File: datatool-english.ldf 2025/03/12 v1.1 (NLCT)

(/usr/local/texlive/2026/texmf-dist/tex/latex/datatool-english/datatool-english
-utf8.ldf
File: datatool-english-utf8.ldf 2025/03/12 v1.1 (NLCT)
))
\dtl@codeA=\count567
\dtl@codeB=\count568
)
\gls@level=\count569
\@gls@tmpb=\toks64
\gls@tmplen=\skip182
\l__glossaries_tmpa_dim=\dimen391
\l__glossaries_tmpb_dim=\dimen392
\glskeylisttok=\toks65
\glslabeltok=\toks66
\glsshorttok=\toks67
\glslongtok=\toks68

(/usr/local/texlive/2026/texmf-dist/tex/latex/glossaries/styles/glossary-hypern
av.sty
Package: glossary-hypernav 2026/03/06 v5.0 (NLCT)
)
(/usr/local/texlive/2026/texmf-dist/tex/latex/glossaries/styles/glossary-list.s
ty
Package: glossary-list 2026/03/06 v5.0 (NLCT)
\glslistdottedwidth=\skip183
)
(/usr/local/texlive/2026/texmf-dist/tex/latex/glossaries/styles/glossary-long.s
ty
Package: glossary-long 2026/03/06 v5.0 (NLCT)
 (/usr/local/texlive/2026/texmf-dist/tex/latex/tools/longtable.sty
Package: longtable 2025-10-13 v4.24 Multi-page Table package (DPC)
\LTleft=\skip184
\LTright=\skip185
\LTpre=\skip186
\LTpost=\skip187
\LTchunksize=\count570
\LTcapwidth=\dimen393
\LT@head=\box108
\LT@firsthead=\box109
\LT@foot=\box110
\LT@lastfoot=\box111
\LT@gbox=\box112
\LT@cols=\count571
\LT@rows=\count572
\c@LT@tables=\count573
\c@LT@chunks=\count574
\LT@p@ftn=\toks69
)
\glsdescwidth=\skip188
\glspagelistwidth=\skip189
)
(/usr/local/texlive/2026/texmf-dist/tex/latex/glossaries/styles/glossary-super.
sty
Package: glossary-super 2026/03/06 v5.0 (NLCT)
)
(/usr/local/texlive/2026/texmf-dist/tex/latex/glossaries/styles/glossary-tree.s
ty
Package: glossary-tree 2026/03/06 v5.0 (NLCT)
\l__glossaries_tree_max_known_level_int=\count575
\l__glossaries_tree_offset_dim=\dimen394
\l__glossaries_tree_namewidth_dim=\dimen395
\l__glossaries_tree_symbolwidth_dim=\dimen396
\l__glossaries_tree_prenamesym_width_dim=\dimen397
\l__glossaries_tree_presubnamesym_width_dim=\dimen398
\l__glossaries_tree_namewidth_padding_dim=\dimen399
\l__glossaries_tree_symbolwidth_padding_dim=\dimen400
\l__glossaries_tree_namesymbolwidth_dim=\dimen401
\l__glossaries_tree_namesymbolwidth_padding_dim=\dimen402
\l__glossaries_tree_level_int=\count576
\glstreeindent=\skip190
))) (./config/info.tex (./config/su-cover/su-cover.sty

LaTeX Warning: You have requested package `config/su-cover/su-cover',
               but the package provides `config/su-cover/SU-cover'.

Package: config/su-cover/SU-cover 
(/usr/local/texlive/2026/texmf-dist/tex/latex/tools/tabularx.sty
Package: tabularx 2023/12/11 v2.12a `tabularx' package (DPC)
\TX@col@width=\dimen403
\TX@old@table=\dimen404
\TX@old@col=\dimen405
\TX@target=\dimen406
\TX@delta=\dimen407
\TX@cols=\count577
\TX@ftn=\toks70
)
(/usr/local/texlive/2026/texmf-dist/tex/generic/pgf/frontendlayer/tikz/librarie
s/tikzlibrarybackgrounds.code.tex
File: tikzlibrarybackgrounds.code.tex 2025-08-29 v3.1.11a (3.1.11a)
\pgf@layerbox@background=\box113
\pgf@layerboxsaved@background=\box114
)
! Undefined control sequence.
l.125 \newfontfamily
                    \sufont{newtxtext}
The control sequence at the end of the top line
of your error message was never \def'ed. If you have
misspelled it (e.g., `\hobx'), type `I' and the correct
spelling (e.g., `I\hbox'). Otherwise just continue,
and I'll forget about whatever was undefined.

! Undefined control sequence.
l.125 \newfontfamily\sufont
                           {newtxtext}
The control sequence at the end of the top line
of your error message was never \def'ed. If you have
misspelled it (e.g., `\hobx'), type `I' and the correct
spelling (e.g., `I\hbox'). Otherwise just continue,
and I'll forget about whatever was undefined.


! LaTeX Error: Missing \begin{document}.

See the LaTeX manual or LaTeX Companion for explanation.
Type  H <return>  for immediate help.
 ...                                              
                                                  
l.125 \newfontfamily\sufont{n
                             ewtxtext}
You're in trouble here.  Try typing  <return>  to proceed.
If that doesn't work, type  X <return>  to quit.

)

Package hyperref Warning: Token not allowed in a PDF string (Unicode):
(hyperref)                removing `subscript' on input line 56.


Package hyperref Warning: Token not allowed in a PDF string (Unicode):
(hyperref)                removing `subscript' on input line 56.

)
LaTeX Font Info:    Trying to load font information for T1+ntxtlf on input line
 21.
 (/usr/local/texlive/2026/texmf-dist/tex/latex/newtx/t1ntxtlf.fd
File: t1ntxtlf.fd 2021/05/24 v1.1 font definition file for T1/ntx/tlf
)
LaTeX Font Info:    Font shape `T1/ntxtlf/m/n' will be
(Font)              scaled to size 12.0pt on input line 21.
Package csquotes Info: Checking for multilingual support...
Package csquotes Info: ... found 'babel' package.
Package csquotes Info: Adjusting default style.
Package csquotes Info: Redefining alias 'default' -> 'english'.
 (./main.aux
\g__glossaries_gls_ref_acronym_int=\count578

(./others/avantpropos.aux) (./others/remerciements.aux)
(./others/contrib_commu.aux) (./others/resume_francais.aux)
(./chap1/chap1_main.aux) (./conclusion/conclusion.aux) (./annexes/MT180.aux)
(./annexes/environmental_footprint.aux))
\openout1 = `main.aux'.

LaTeX Font Info:    Checking defaults for OML/cmm/m/it on input line 21.
LaTeX Font Info:    ... okay on input line 21.
LaTeX Font Info:    Checking defaults for OMS/cmsy/m/n on input line 21.
LaTeX Font Info:    ... okay on input line 21.
LaTeX Font Info:    Checking defaults for OT1/cmr/m/n on input line 21.
LaTeX Font Info:    ... okay on input line 21.
LaTeX Font Info:    Checking defaults for T1/cmr/m/n on input line 21.
LaTeX Font Info:    ... okay on input line 21.
LaTeX Font Info:    Checking defaults for TS1/cmr/m/n on input line 21.
LaTeX Font Info:    ... okay on input line 21.
LaTeX Font Info:    Checking defaults for OMX/cmex/m/n on input line 21.
LaTeX Font Info:    ... okay on input line 21.
LaTeX Font Info:    Checking defaults for U/cmr/m/n on input line 21.
LaTeX Font Info:    ... okay on input line 21.
LaTeX Font Info:    Checking defaults for LGR/cmr/m/n on input line 21.
LaTeX Font Info:    Trying to load font information for LGR+cmr on input line 2
1.

(/usr/local/texlive/2026/texmf-dist/tex/latex/cbfonts-fd/lgrcmr.fd
File: lgrcmr.fd 2017/07/29 v1.2 Greek European Computer Regular
)
LaTeX Font Info:    ... okay on input line 21.
LaTeX Font Info:    Checking defaults for OT2/cmr/m/n on input line 21.
LaTeX Font Info:    Trying to load font information for OT2+cmr on input line 2
1.

(/usr/local/texlive/2026/texmf-dist/tex/latex/cyrillic/ot2cmr.fd
File: ot2cmr.fd 2001/08/11 v3.2c Computer Modern Cyrillic font definitions
)
LaTeX Font Info:    ... okay on input line 21.
LaTeX Font Info:    Checking defaults for PD1/pdf/m/n on input line 21.
LaTeX Font Info:    ... okay on input line 21.
LaTeX Font Info:    Checking defaults for PU/pdf/m/n on input line 21.
LaTeX Font Info:    ... okay on input line 21.

(/usr/local/texlive/2026/texmf-dist/tex/context/base/mkii/supp-pdf.mkii
[Loading MPS to PDF converter (version 2006.09.02).]
\scratchcounter=\count579
\scratchdimen=\dimen408
\scratchbox=\box115
\nofMPsegments=\count580
\nofMParguments=\count581
\everyMPshowfont=\toks71
\MPscratchCnt=\count582
\MPscratchDim=\dimen409
\MPnumerator=\count583
\makeMPintoPDFobject=\count584
\everyMPtoPDFconversion=\toks72
) (/usr/local/texlive/2026/texmf-dist/tex/latex/epstopdf-pkg/epstopdf-base.sty
Package: epstopdf-base 2020-01-24 v2.11 Base part for package epstopdf

(/usr/local/texlive/2026/texmf-dist/tex/latex/grfext/grfext.sty
Package: grfext 2019/12/03 v1.3 Manage graphics extensions (HO)
)
Package epstopdf-base Info: Redefining graphics rule for `.eps' on input line 4
85.
Package grfext Info: Graphics extension search list:
(grfext)             [.pdf,.png,.jpg,.mps,.jpeg,.jbig2,.jb2,.PDF,.PNG,.JPG,.JPE
G,.JBIG2,.JB2,.eps]
(grfext)             \AppendGraphicsExtensions on input line 504.

(/usr/local/texlive/2026/texmf-dist/tex/latex/latexconfig/epstopdf-sys.cfg
File: epstopdf-sys.cfg 2010/07/13 v1.3 Configuration of (r)epstopdf for TeX Liv
e
))
\c@mv@tabular=\count585
\c@mv@boldtabular=\count586

Package chemgreek Info: Activating mapping `textgreek' on line 21.

\c@lstlisting=\count587

(/usr/local/texlive/2026/texmf-dist/tex/latex/base/inputenc.sty
Package: inputenc 2024/02/08 v1.3d Input encoding file
\inpenc@prehook=\toks73
\inpenc@posthook=\toks74
)
Package hyperref Info: Link coloring ON on input line 21.

(/usr/local/texlive/2026/texmf-dist/tex/latex/pdflscape/pdflscape.sty
Package: pdflscape 2025-06-23 v0.14 Display of landscape pages in PDF

(/usr/local/texlive/2026/texmf-dist/tex/latex/pdflscape/pdflscape-nometadata.st
y
Package: pdflscape-nometadata 2025-06-23 v0.14 Display of landscape pages in PD
F (HO)
Package pdflscape Info: Auto-detected driver: pdftex on input line 81.
))
*geometry* driver: auto-detecting
*geometry* detected driver: pdftex
*geometry* verbose mode - [ preamble ] result:
* driver: pdftex
* paper: a4paper
* layout: <same size as paper>
* layoutoffset:(h,v)=(0.0pt,0.0pt)
* modes: twoside 
* h-part:(L,W,R)=(79.6678pt, 460.93457pt, 56.9055pt)
* v-part:(T,H,B)=(85.35826pt, 674.33032pt, 85.35826pt)
* \paperwidth=597.50787pt
* \paperheight=845.04684pt
* \textwidth=460.93457pt
* \textheight=674.33032pt
* \oddsidemargin=7.39781pt
* \evensidemargin=-15.36449pt
* \topmargin=-23.85716pt
* \headheight=17.07164pt
* \headsep=19.8738pt
* \topskip=12.0pt
* \footskip=30.0pt
* \marginparwidth=45.5244pt
* \marginparsep=7.0pt
* \columnsep=10.0pt
* \skip\footins=10.8pt plus 4.0pt minus 2.0pt
* \hoffset=0.0pt
* \voffset=0.0pt
* \mag=1000
* \@twocolumnfalse
* \@twosidetrue
* \@mparswitchtrue
* \@reversemargintrue
* (1in=72.27pt=25.4mm, 1cm=28.453pt)


(/usr/local/texlive/2026/texmf-dist/tex/latex/translations/translations-basic-d
ictionary-english.trsl
File: translations-basic-dictionary-english.trsl (english translation file `tra
nslations-basic-dictionary')
)
Package translations Info: loading dictionary `translations-basic-dictionary' f
or `english'. on input line 21.
Package caption Info: Begin \AtBeginDocument code.
Package caption Info: float package is loaded.
Package caption Info: longtable package is loaded.

(/usr/local/texlive/2026/texmf-dist/tex/latex/caption/ltcaption.sty
Package: ltcaption 2021/01/08 v1.4c longtable captions (AR)
)
Package caption Info: sidecap package is loaded.
Package caption Info: End \AtBeginDocument code.

(/usr/local/texlive/2026/texmf-dist/tex/latex/ragged2e/ragged2e.sty
Package: ragged2e 2023/06/22 v3.6 ragged2e Package
\CenteringLeftskip=\skip191
\RaggedLeftLeftskip=\skip192
\RaggedRightLeftskip=\skip193
\CenteringRightskip=\skip194
\RaggedLeftRightskip=\skip195
\RaggedRightRightskip=\skip196
\CenteringParfillskip=\skip197
\RaggedLeftParfillskip=\skip198
\RaggedRightParfillskip=\skip199
\JustifyingParfillskip=\skip256
\CenteringParindent=\skip257
\RaggedLeftParindent=\skip258
\RaggedRightParindent=\skip259
\JustifyingParindent=\skip260
)

Package todonotes Warning: The length marginparwidth is less than 2cm and will 
most likely cause issues with the appearance of inserted todonotes. The issue c
an be solved by adding a line like \setlength {\marginparwidth }{2cm} prior to 
loading the todonotes package. on input line 21.

Package biblatex Info: Trying to load language 'english'...
Package biblatex Info: ... file 'english.lbx' found.
(/usr/local/texlive/2026/texmf-dist/tex/latex/biblatex/lbx/english.lbx
File: english.lbx 2025/07/10 v3.21 biblatex localization (PK/MW)
)
Package biblatex Info: Input encoding 'utf8' detected.
Package biblatex Info: Automatic encoding selection.
(biblatex)             Assuming data encoding 'utf8'.
\openout4 = `main.bcf'.

Package biblatex Info: Trying to load bibliographic data...
Package biblatex Info: ... file 'main.bbl' not found.

No file main.bbl.
Package biblatex Info: Reference section=0 on input line 21.
Package biblatex Info: Reference segment=0 on input line 21.
! Undefined control sequence.
\sufontenv ->\sufont 
                     
l.22 \sucover
             {} % création des couvertures, avec résumé/abstract
The control sequence at the end of the top line
of your error message was never \def'ed. If you have
misspelled it (e.g., `\hobx'), type `I' and the correct
spelling (e.g., `I\hbox'). Otherwise just continue,
and I'll forget about whatever was undefined.

<config/su-cover/cover_manuscript.pdf, id=43, 597.432pt x 845.07718pt>
File: config/su-cover/cover_manuscript.pdf Graphic file (type pdf)
<use config/su-cover/cover_manuscript.pdf>
Package pdftex.def Info: config/su-cover/cover_manuscript.pdf  used on input li
ne 22.
(pdftex.def)             Requested size: 597.43054pt x 845.07512pt.
LaTeX Font Info:    Font shape `T1/ntxtlf/m/n' will be
(Font)              scaled to size 22.0pt on input line 22.
LaTeX Font Info:    Font shape `T1/ntxtlf/b/n' will be
(Font)              scaled to size 22.0pt on input line 22.
LaTeX Font Info:    Trying to load font information for OT1+lmr on input line 2
2.
(/usr/local/texlive/2026/texmf-dist/tex/latex/lm/ot1lmr.fd
File: ot1lmr.fd 2015/05/01 v1.6.1 Font defs for Latin Modern
)
LaTeX Font Info:    Trying to load font information for OML+lmm on input line 2
2.

(/usr/local/texlive/2026/texmf-dist/tex/latex/lm/omllmm.fd
File: omllmm.fd 2015/05/01 v1.6.1 Font defs for Latin Modern
)
LaTeX Font Info:    Trying to load font information for OMS+lmsy on input line 
22.

(/usr/local/texlive/2026/texmf-dist/tex/latex/lm/omslmsy.fd
File: omslmsy.fd 2015/05/01 v1.6.1 Font defs for Latin Modern
)
LaTeX Font Info:    Trying to load font information for OMX+lmex on input line 
22.

(/usr/local/texlive/2026/texmf-dist/tex/latex/lm/omxlmex.fd
File: omxlmex.fd 2015/05/01 v1.6.1 Font defs for Latin Modern
)
LaTeX Font Info:    External font `lmex10' loaded for size
(Font)              <12> on input line 22.
LaTeX Font Info:    External font `lmex10' loaded for size
(Font)              <8> on input line 22.
LaTeX Font Info:    External font `lmex10' loaded for size
(Font)              <6> on input line 22.
LaTeX Font Info:    Trying to load font information for U+msa on input line 22.


(/usr/local/texlive/2026/texmf-dist/tex/latex/amsfonts/umsa.fd
File: umsa.fd 2013/01/14 v3.01 AMS symbols A
)
LaTeX Font Info:    Trying to load font information for U+msb on input line 22.


(/usr/local/texlive/2026/texmf-dist/tex/latex/amsfonts/umsb.fd
File: umsb.fd 2013/01/14 v3.01 AMS symbols B
)
LaTeX Font Info:    Trying to load font information for U+rsfs on input line 22
.

(/usr/local/texlive/2026/texmf-dist/tex/latex/jknapltx/ursfs.fd
File: ursfs.fd 1998/03/24 rsfs font definition file (jk)
)
! Undefined control sequence.
\sufrontcover ...inipage} }; \fi \par \if@frtitle 
                                                  \node [yshift=16mm, xshift...
l.22 \sucover
             {} % création des couvertures, avec résumé/abstract
The control sequence at the end of the top line
of your error message was never \def'ed. If you have
misspelled it (e.g., `\hobx'), type `I' and the correct
spelling (e.g., `I\hbox'). Otherwise just continue,
and I'll forget about whatever was undefined.

LaTeX Font Info:    Font shape `T1/ntxtlf/m/n' will be
(Font)              scaled to size 16.0pt on input line 22.
LaTeX Font Info:    Font shape `T1/ntxtlf/b/n' will be
(Font)              scaled to size 16.0pt on input line 22.
LaTeX Font Info:    Font shape `T1/ntxtlf/m/n' will be
(Font)              scaled to size 13.0pt on input line 22.
LaTeX Font Info:    Font shape `T1/ntxtlf/m/n' will be
(Font)              scaled to size 8.0pt on input line 22.
LaTeX Font Info:    Font shape `T1/ntxtlf/m/n' will be
(Font)              scaled to size 11.0pt on input line 22.

Overfull \hbox (29.69054pt too wide) in alignment at lines 22--22
[][] 
 []

<config/su-cover/logos_labo.pdf, id=44, 597.53635pt x 845.04686pt>
File: config/su-cover/logos_labo.pdf Graphic file (type pdf)
<use config/su-cover/logos_labo.pdf>
Package pdftex.def Info: config/su-cover/logos_labo.pdf  used on input line 22.

(pdftex.def)             Requested size: 448.15115pt x 633.7836pt.
[1

{/usr/local/texlive/2026/texmf-var/fonts/map/pdftex/updmap/pdftex.map}{/usr/loc
al/texlive/2026/texmf-dist/fonts/enc/dvips/newtx/ntx-ec-tlf.enc}{/usr/local/tex
live/2026/texmf-dist/fonts/enc/dvips/newtx/ntx-ec-tlf-pc.enc} <./config/su-cove
r/cover_manuscript.pdf> <./config/su-cover/logos_labo.pdf

pdfTeX warning: pdflatex (file ./config/su-cover/logos_labo.pdf): PDF inclusion
: multiple pdfs with page group included in a single page
>] [2

]
LaTeX Font Info:    Font shape `T1/ntxtlf/m/n' will be
(Font)              scaled to size 17.28pt on input line 26.
LaTeX Font Info:    Font shape `T1/ntxtlf/b/n' will be
(Font)              scaled to size 17.28pt on input line 26.
LaTeX Font Info:    Font shape `T1/ntxtlf/b/n' will be
(Font)              scaled to size 10.0pt on input line 26.
 [1


]
LaTeX Font Info:    Font shape `T1/ntxtlf/m/it' will be
(Font)              scaled to size 10.0pt on input line 26.
 [2]
\openout2 = `others/avantpropos.aux'.

 (./others/avantpropos.tex
LaTeX Font Info:    Font shape `T1/ntxtlf/m/n' will be
(Font)              scaled to size 20.74pt on input line 4.
) [3


]
\openout2 = `others/remerciements.aux'.

 (./others/remerciements.tex
[4



] [5

] [6]) (./main.toc
Package cleveref Info: loaded `english' language definitions on input line 1.
LaTeX Font Info:    Font shape `T1/ntxtlf/b/n' will be
(Font)              scaled to size 12.0pt on input line 2.
LaTeX Font Info:    Font shape `T1/ntxtlf/m/sc' will be
(Font)              scaled to size 12.0pt on input line 43.
LaTeX Font Info:    Trying to load font information for TS1+ntxtlf on input lin
e 43.

(/usr/local/texlive/2026/texmf-dist/tex/latex/newtx/ts1ntxtlf.fd
File: ts1ntxtlf.fd 2015/01/18 v1.0 fd file for TS1/ntxtlf
)
LaTeX Info: Symbol \textrightarrow not provided by
            font family ntxtlf in TS1 encoding.
            Default family used instead on input line 43.


LaTeX Font Warning: Font shape `TS1/cmr/m/sc' undefined
(Font)              using `TS1/cmr/m/n' instead
(Font)              for symbol `textrightarrow' on input line 43.

LaTeX Info: Symbol \textrightarrow not provided by
            font family ntxtlf in TS1 encoding.
            Default family used instead on input line 55.
Package cleveref Info: loaded `english' language definitions on input line 58.
[7



{/usr/local/texlive/2026/texmf-dist/fonts/enc/dvips/cm-super/cm-super-ts1.enc}]
LaTeX Info: Symbol \textrightarrow not provided by
            font family ntxtlf in TS1 encoding.
            Default family used instead on input line 65.
LaTeX Info: Symbol \textrightarrow not provided by
            font family ntxtlf in TS1 encoding.
            Default family used instead on input line 73.
)
\tf@toc=\write5
\openout5 = `main.toc'.

Package cleveref Info: loaded `english' language definitions on input line 38.
 [8]

Package glossaries Info: Preparing to sort glossary `acronym' (total number of
(glossaries)             referenced entries: 65)

LaTeX Font Info:    Font shape `T1/ntxtlf/b/n' will be
(Font)              scaled to size 8.0pt on input line 42.
LaTeX Font Info:    Font shape `T1/ntxtlf/b/n' will be
(Font)              scaled to size 6.0pt on input line 42.
Package cleveref Info: loaded `english' language definitions on input line 42.
[9


]
Package cleveref Info: loaded `english' language definitions on input line 42.
 [10]
! Undefined control sequence.
l.42 ...tle=Acronyms and Abbreviations] \adjustmtc
                                                  
The control sequence at the end of the top line
of your error message was never \def'ed. If you have
misspelled it (e.g., `\hobx'), type `I' and the correct
spelling (e.g., `I\hbox'). Otherwise just continue,
and I'll forget about whatever was undefined.

Package cleveref Info: loaded `english' language definitions on input line 46.
[11]
\openout2 = `others/contrib_commu.aux'.

 (./others/contrib_commu.tex [12

]
LaTeX Font Info:    Font shape `T1/ntxtlf/m/n' will be
(Font)              scaled to size 14.4pt on input line 16.
LaTeX Font Info:    Font shape `T1/ntxtlf/b/n' will be
(Font)              scaled to size 14.4pt on input line 16.
LaTeX Font Info:    Font shape `TS1/ntxtlf/m/n' will be
(Font)              scaled to size 12.0pt on input line 18.
LaTeX Font Info:    Font shape `T1/ntxtlf/m/it' will be
(Font)              scaled to size 12.0pt on input line 18.
LaTeX Font Info:    Trying to load font information for T1+aett on input line 2
1.

(/usr/local/texlive/2026/texmf-dist/tex/latex/ae/t1aett.fd
File: t1aett.fd 1997/11/16 Font definitions for T1/aett.
) [13

{/usr/local/texlive/2026/texmf-dist/fonts/enc/dvips/tex-gyre/q-ts1.enc}]
Package cleveref Info: loaded `english' language definitions on input line 80.
 [14]
Overfull \hbox (21.2233pt too wide) in paragraph at lines 85--86
\T1/ntxtlf/m/n/12 I have been tu-to-rial leader for the trans-dis-ci-plinary co
urse named \T1/ntxtlf/m/it/12 Anal-yse sys-t�mique de l'Anthropoc�ne
 []

LaTeX Font Info:    External font `lmex10' loaded for size
(Font)              <10> on input line 98.
LaTeX Font Info:    External font `lmex10' loaded for size
(Font)              <7> on input line 98.
LaTeX Font Info:    External font `lmex10' loaded for size
(Font)              <5> on input line 98.
LaTeX Font Info:    Font shape `T1/ntxtlf/m/n' will be
(Font)              scaled to size 7.0pt on input line 98.
[15{/usr/local/texlive/2026/texmf-dist/fonts/enc/dvips/lm/lm-rm.enc}{/usr/local
/texlive/2026/texmf-dist/fonts/enc/dvips/lm/lm-mathsy.enc}]
LaTeX Font Info:    Font shape `T1/ntxtlf/b/it' will be
(Font)              scaled to size 14.4pt on input line 115.

! Undefined control sequence.
<argument> 2\up 
                {nde}
l.120 ...n high school classes (\textit{2\up{nde}}
                                                  , \textit{1\up{ère}} and ...
The control sequence at the end of the top line
of your error message was never \def'ed. If you have
misspelled it (e.g., `\hobx'), type `I' and the correct
spelling (e.g., `I\hbox'). Otherwise just continue,
and I'll forget about whatever was undefined.

! Undefined control sequence.
<argument> 1\up 
                {ère}
l.120 ... (\textit{2\up{nde}}, \textit{1\up{ère}}
                                                   and \textit{terminales}).
The control sequence at the end of the top line
of your error message was never \def'ed. If you have
misspelled it (e.g., `\hobx'), type `I' and the correct
spelling (e.g., `I\hbox'). Otherwise just continue,
and I'll forget about whatever was undefined.

Package cleveref Info: loaded `english' language definitions on input line 127.

[16]) [17]
\openout2 = `others/resume_francais.aux'.

 (./others/resume_francais.tex
Package cleveref Info: loaded `english' language definitions on input line 22.
 [18




]

! LaTeX Error: No counter 'counterboxspe' defined.

See the LaTeX manual or LaTeX Companion for explanation.
Type  H <return>  for immediate help.
 ...                                              
                                                  
l.42     }
          
Your command was ignored.
Type  I <command> <return>  to replace it with another command,
or  <return>  to continue without it.

LaTeX Font Info:    Font shape `T1/ntxtlf/b/sc' will be
(Font)              scaled to size 12.0pt on input line 42.
LaTeX Font Info:    Font shape `T1/ntxtlf/b/n' will be
(Font)              scaled to size 11.0pt on input line 42.

Underfull \hbox (badness 10000) in paragraph at lines 42--42
[]|\T1/ntxtlf/m/n/11 Quels out-ils sont n�ces-saires
 []


Underfull \hbox (badness 10000) in paragraph at lines 42--42
\T1/ntxtlf/m/n/11 � l'identification des sources
 []


Underfull \hbox (badness 2401) in paragraph at lines 42--42
\T1/ntxtlf/m/n/11 d'�mission des par-tic-ules at-mo-
 []


LaTeX Warning: Reference `chap3' on page i undefined on input line 42.


LaTeX Warning: Reference `chap3' on page i undefined on input line 42.


LaTeX Warning: Reference `chap3' on page i undefined on input line 42.


LaTeX Warning: Reference `chap4' on page i undefined on input line 42.


Underfull \hbox (badness 10000) in paragraph at lines 42--42
[]|\T1/ntxtlf/m/n/11 Est-il pos-si-ble d'utiliser une
 []


LaTeX Warning: Reference `chap5' on page i undefined on input line 42.


! LaTeX Error: No counter 'counterboxspe' defined.

See the LaTeX manual or LaTeX Companion for explanation.
Type  H <return>  for immediate help.
 ...                                              
                                                  
l.63     }
          
Your command was ignored.
Type  I <command> <return>  to replace it with another command,
or  <return>  to continue without it.

LaTeX Font Info:    Font shape `T1/ntxtlf/b/it' will be
(Font)              scaled to size 12.0pt on input line 63.

LaTeX Warning: Reference `chap4' on page i undefined on input line 63.


LaTeX Warning: Reference `chap5' on page i undefined on input line 63.


LaTeX Warning: Reference `chap5' on page i undefined on input line 63.


LaTeX Warning: Reference `chap5' on page i undefined on input line 63.


Underfull \hbox (badness 1661) in paragraph at lines 63--63
\T1/ntxtlf/m/n/11 r�ponse d�fini-tive � cette ques-tion. Cepen-dant,
 []

[19]
Package cleveref Info: loaded `english' language definitions on input line 69.
 [20] [21])
\openout2 = `chap1/chap1_main.aux'.

 (./chap1/chap1_main.tex
\c@counterchapter=\count588

Chapter I.
LaTeX Font Info:    Font shape `T1/ntxtlf/m/n' will be
(Font)              scaled to size 100.0pt on input line 5.
LaTeX Font Info:    Font shape `T1/ntxtlf/m/n' will be
(Font)              scaled to size 24.88pt on input line 5.
LaTeX Font Info:    Font shape `T1/ntxtlf/b/n' will be
(Font)              scaled to size 24.88pt on input line 5.

Overfull \hbox (3.59985pt too wide) in paragraph at lines 5--5
| [] []
 []

LaTeX Font Info:    Font shape `T1/ntxtlf/m/n' will be
(Font)              scaled to size 10.95pt on input line 10.
LaTeX Font Info:    External font `lmex10' loaded for size
(Font)              <10.95> on input line 10.

pdfTeX warning (ext4): destination with the same identifier (name{page.1}) has 
been already used, duplicate ignored
<to be read again> 
                   \relax 
l.13 \newpage
              [1





]
\c@ttl@toc@chapters=\count589
 (./main.ptc
Package cleveref Info: loaded `english' language definitions on input line 1.
LaTeX Info: Symbol \textrightarrow not provided by
            font family ntxtlf in TS1 encoding.
            Default family used instead on input line 44.
LaTeX Info: Symbol \textrightarrow not provided by
            font family ntxtlf in TS1 encoding.
            Default family used instead on input line 56.
LaTeX Info: Symbol \textrightarrow not provided by
            font family ntxtlf in TS1 encoding.
            Default family used instead on input line 66.
)
Package cleveref Info: loaded `english' language definitions on input line 25.

pdfTeX warning (ext4): destination with the same identifier (name{page.2}) has 
been already used, duplicate ignored
<to be read again> 
                   \relax 
l.25 \newpage
              [2]
! Undefined control sequence.
<argument> ...gnorespaces Tycho Brahe was a 16\up 
                                                  {th} century Danish astron...
l.44 ...gh they were performed with the bare eye.}
                                                  , the knowledge about her ...
The control sequence at the end of the top line
of your error message was never \def'ed. If you have
misspelled it (e.g., `\hobx'), type `I' and the correct
spelling (e.g., `I\hbox'). Otherwise just continue,
and I'll forget about whatever was undefined.

Package cleveref Info: loaded `english' language definitions on input line 50.
[3]
Package cleveref Info: loaded `english' language definitions on input line 61.
 [4{/usr/local/texlive/2026/texmf-dist/fonts/enc/dvips/lm/lm-mathit.enc}]
! Undefined control sequence.
l.70 ...he fact it remarkably suits the late 18\up
                                                  {th} century French politi...
The control sequence at the end of the top line
of your error message was never \def'ed. If you have
misspelled it (e.g., `\hobx'), type `I' and the correct
spelling (e.g., `I\hbox'). Otherwise just continue,
and I'll forget about whatever was undefined.

Package cleveref Info: loaded `english' language definitions on input line 71.
[5]
! Undefined control sequence.
l.104 ...ppens at the first second of January 1\up
                                                  {st}, while my PhD viva vo...
The control sequence at the end of the top line
of your error message was never \def'ed. If you have
misspelled it (e.g., `\hobx'), type `I' and the correct
spelling (e.g., `I\hbox'). Otherwise just continue,
and I'll forget about whatever was undefined.

! Undefined control sequence.
l.104 ...ace at exactly midnight on December 31\up
                                                  {st}\footnote{That is not ...
The control sequence at the end of the top line
of your error message was never \def'ed. If you have
misspelled it (e.g., `\hobx'), type `I' and the correct
spelling (e.g., `I\hbox'). Otherwise just continue,
and I'll forget about whatever was undefined.

! Undefined control sequence.
l.105 ...me scale, the Milky Way forms on May 6\up
                                                  {th}, the Sun on August 31...
The control sequence at the end of the top line
of your error message was never \def'ed. If you have
misspelled it (e.g., `\hobx'), type `I' and the correct
spelling (e.g., `I\hbox'). Otherwise just continue,
and I'll forget about whatever was undefined.

! Undefined control sequence.
l.105 ... on May 6\up{th}, the Sun on August 31\up
                                                  {st}. Fourteen days later ...
The control sequence at the end of the top line
of your error message was never \def'ed. If you have
misspelled it (e.g., `\hobx'), type `I' and the correct
spelling (e.g., `I\hbox'). Otherwise just continue,
and I'll forget about whatever was undefined.

! Undefined control sequence.
l.105 .... But one has to wait until December 1\up
                                                  {st} to see oxygen in the ...
The control sequence at the end of the top line
of your error message was never \def'ed. If you have
misspelled it (e.g., `\hobx'), type `I' and the correct
spelling (e.g., `I\hbox'). Otherwise just continue,
and I'll forget about whatever was undefined.

! Undefined control sequence.
l.105 ...erentiated from apes at 8 pm on the 31\up
                                                  {st}. Homo Sapiens appears...
The control sequence at the end of the top line
of your error message was never \def'ed. If you have
misspelled it (e.g., `\hobx'), type `I' and the correct
spelling (e.g., `I\hbox'). Otherwise just continue,
and I'll forget about whatever was undefined.

! Undefined control sequence.
l.107 ...nomical and geological forcers. The 21\up
                                                  {st} century started with ...
The control sequence at the end of the top line
of your error message was never \def'ed. If you have
misspelled it (e.g., `\hobx'), type `I' and the correct
spelling (e.g., `I\hbox'). Otherwise just continue,
and I'll forget about whatever was undefined.

Package cleveref Info: loaded `english' language definitions on input line 108.

[6]
Package cleveref Info: loaded `english' language definitions on input line 126.

 [7]

LaTeX Warning: File `./chap1/images/radiative_budget.png' not found on input li
ne 143.


! Package pdftex.def Error: File `./chap1/images/radiative_budget.png' not foun
d: using draft setting.

See the pdftex.def package documentation for explanation.
Type  H <return>  for immediate help.
 ...                                              
                                                  
l.143 ...dth]{./chap1/images/radiative_budget.png}
                                                  
Try typing  <return>  to proceed.
If that doesn't work, type  X <return>  to quit.


LaTeX Warning: Citation 'kiehl_earths_1997' on page 8 undefined on input line 1
44.

LaTeX Font Info:    Font shape `T1/ntxtlf/b/n' will be
(Font)              scaled to size 10.95pt on input line 144.

LaTeX Warning: Citation 'kiehl_earths_1997' on page 8 undefined on input line 1
44.

Package cleveref Info: loaded `english' language definitions on input line 159.

[8]
! Undefined control sequence.
l.168 ...ious centuries. In fact, during the 20\up
                                                  {th} century, the temperat...
The control sequence at the end of the top line
of your error message was never \def'ed. If you have
misspelled it (e.g., `\hobx'), type `I' and the correct
spelling (e.g., `I\hbox'). Otherwise just continue,
and I'll forget about whatever was undefined.


LaTeX Warning: File `./chap1/images/warming_evidences.png' not found on input l
ine 177.


! Package pdftex.def Error: File `./chap1/images/warming_evidences.png' not fou
nd: using draft setting.

See the pdftex.def package documentation for explanation.
Type  H <return>  for immediate help.
 ...                                              
                                                  
l.177 ...th]{./chap1/images/warming_evidences.png}
                                                  
Try typing  <return>  to proceed.
If that doesn't work, type  X <return>  to quit.


LaTeX Warning: Citation 'masson-delmotte_summary_2021' on page 9 undefined on i
nput line 178.


LaTeX Warning: Citation 'masson-delmotte_summary_2021' on page 9 undefined on i
nput line 178.


LaTeX Warning: `h' float specifier changed to `ht'.

Package cleveref Info: loaded `english' language definitions on input line 185.

[9]

LaTeX Warning: Citation 'hays_variations_1976' on page 10 undefined on input li
ne 200.


LaTeX Warning: Citation 'chen_impact_2025' on page 10 undefined on input line 2
11.

Package cleveref Info: loaded `english' language definitions on input line 213.

[10]

LaTeX Warning: Citation 'intergovernmental_panel_on_climate_change_climate_2023
' on page 11 undefined on input line 215.

LaTeX Font Info:    Font shape `T1/ntxtlf/m/n' will be
(Font)              scaled to size 6.0pt on input line 221.
! Undefined control sequence.
l.222 ...curve remained still until the late 18\up
                                                  {th}.
The control sequence at the end of the top line
of your error message was never \def'ed. If you have
misspelled it (e.g., `\hobx'), type `I' and the correct
spelling (e.g., `I\hbox'). Otherwise just continue,
and I'll forget about whatever was undefined.


LaTeX Warning: File `./chap1/images/co2_2k_ce.pdf' not found on input line 227.



! Package pdftex.def Error: File `./chap1/images/co2_2k_ce.pdf' not found: usin
g draft setting.

See the pdftex.def package documentation for explanation.
Type  H <return>  for immediate help.
 ...                                              
                                                  
l.227 ...\textwidth]{./chap1/images/co2_2k_ce.pdf}
                                                  
Try typing  <return>  to proceed.
If that doesn't work, type  X <return>  to quit.


LaTeX Warning: Citation 'keeling_atmospheric_2017' on page 11 undefined on inpu
t line 228.


LaTeX Warning: Citation 'rubino_revised_2019' on page 11 undefined on input lin
e 228.

! Undefined control sequence.
<argument> ...ease that started in the late 18\up 
                                                  {th} century. Data can be ...
l.228 ...e: \url{https://keelingcurve.ucsd.edu/}.}
                                                  
The control sequence at the end of the top line
of your error message was never \def'ed. If you have
misspelled it (e.g., `\hobx'), type `I' and the correct
spelling (e.g., `I\hbox'). Otherwise just continue,
and I'll forget about whatever was undefined.


LaTeX Warning: Citation 'keeling_atmospheric_2017' on page 11 undefined on inpu
t line 228.


LaTeX Warning: Citation 'rubino_revised_2019' on page 11 undefined on input lin
e 228.

! Undefined control sequence.
<argument> ...ease that started in the late 18\up 
                                                  {th} century. Data can be ...
l.228 ...e: \url{https://keelingcurve.ucsd.edu/}.}
                                                  
The control sequence at the end of the top line
of your error message was never \def'ed. If you have
misspelled it (e.g., `\hobx'), type `I' and the correct
spelling (e.g., `I\hbox'). Otherwise just continue,
and I'll forget about whatever was undefined.


LaTeX Warning: `h' float specifier changed to `ht'.

Package cleveref Info: loaded `english' language definitions on input line 240.

[11]
! Undefined control sequence.
l.243 ...use of coal since the middle of the 19\up
                                                  {th} century, has been joi...
The control sequence at the end of the top line
of your error message was never \def'ed. If you have
misspelled it (e.g., `\hobx'), type `I' and the correct
spelling (e.g., `I\hbox'). Otherwise just continue,
and I'll forget about whatever was undefined.

! Undefined control sequence.
l.243 ...ent of oil in the first half of the 20\up
                                                  {th} century. Simultaneous...
The control sequence at the end of the top line
of your error message was never \def'ed. If you have
misspelled it (e.g., `\hobx'), type `I' and the correct
spelling (e.g., `I\hbox'). Otherwise just continue,
and I'll forget about whatever was undefined.


LaTeX Warning: Citation 'fressoz_pour_2021' on page 12 undefined on input line 
245.


LaTeX Warning: File `./chap1/images/world_energy_consumption.png' not found on 
input line 252.


! Package pdftex.def Error: File `./chap1/images/world_energy_consumption.png' 
not found: using draft setting.

See the pdftex.def package documentation for explanation.
Type  H <return>  for immediate help.
 ...                                              
                                                  
l.252 ...hap1/images/world_energy_consumption.png}
                                                  
Try typing  <return>  to proceed.
If that doesn't work, type  X <return>  to quit.

LaTeX Font Info:    Font shape `T1/ntxtlf/m/it' will be
(Font)              scaled to size 10.95pt on input line 253.

LaTeX Warning: `h' float specifier changed to `ht'.

Package cleveref Info: loaded `english' language definitions on input line 262.

[12]

LaTeX Warning: File `./chap1/images/IPCC_AR6_WGI_TS_Figure_15_tot.png' not foun
d on input line 264.


! Package pdftex.def Error: File `./chap1/images/IPCC_AR6_WGI_TS_Figure_15_tot.
png' not found: using draft setting.

See the pdftex.def package documentation for explanation.
Type  H <return>  for immediate help.
 ...                                              
                                                  
l.264 ...images/IPCC_AR6_WGI_TS_Figure_15_tot.png}
                                                  
Try typing  <return>  to proceed.
If that doesn't work, type  X <return>  to quit.


LaTeX Warning: Citation 'intergovernmental_panel_on_climate_change_climate_2023
' on page 13 undefined on input line 265.


LaTeX Warning: Citation 'intergovernmental_panel_on_climate_change_climate_2023
' on page 13 undefined on input line 265.


Underfull \hbox (badness 1082) in paragraph at lines 265--265
[]\T1/ntxtlf/m/n/10.95 Figure I.5: |Ef-fec-tive ra-dia-tive forc-ing (A) and as
-so-ci-ated ad-di-tional warm-ing (B) for dif-fer-
 []


LaTeX Warning: `h' float specifier changed to `ht'.

LaTeX Font Info:    Font shape `TS1/ntxtlf/m/n' will be
(Font)              scaled to size 10.0pt on input line 279.
Package cleveref Info: loaded `english' language definitions on input line 292.

[13]

LaTeX Warning: File `./chap1/images/IPCC_AR6_SYR_Figure_2_5.png' not found on i
nput line 299.


! Package pdftex.def Error: File `./chap1/images/IPCC_AR6_SYR_Figure_2_5.png' n
ot found: using draft setting.

See the pdftex.def package documentation for explanation.
Type  H <return>  for immediate help.
 ...                                              
                                                  
l.299 ...chap1/images/IPCC_AR6_SYR_Figure_2_5.png}
                                                  
Try typing  <return>  to proceed.
If that doesn't work, type  X <return>  to quit.

LaTeX Font Info:    Font shape `TS1/ntxtlf/m/n' will be
(Font)              scaled to size 10.95pt on input line 300.

LaTeX Warning: Citation 'intergovernmental_panel_on_climate_change_climate_2023
' on page 14 undefined on input line 300.


LaTeX Warning: Citation 'intergovernmental_panel_on_climate_change_climate_2023
' on page 14 undefined on input line 300.


LaTeX Warning: `h' float specifier changed to `ht'.


LaTeX Warning: File `./chap1/images/IPCC_AR6_WGI_TS_Figure_6.png' not found on 
input line 311.


! Package pdftex.def Error: File `./chap1/images/IPCC_AR6_WGI_TS_Figure_6.png' 
not found: using draft setting.

See the pdftex.def package documentation for explanation.
Type  H <return>  for immediate help.
 ...                                              
                                                  
l.311 ...hap1/images/IPCC_AR6_WGI_TS_Figure_6.png}
                                                  
Try typing  <return>  to proceed.
If that doesn't work, type  X <return>  to quit.


LaTeX Warning: Citation 'intergovernmental_panel_on_climate_change_climate_2023
' on page 14 undefined on input line 312.


LaTeX Warning: Citation 'intergovernmental_panel_on_climate_change_climate_2023
' on page 14 undefined on input line 312.


LaTeX Warning: `h' float specifier changed to `ht'.

Package cleveref Info: loaded `english' language definitions on input line 323.

[14]

LaTeX Warning: Citation 'hallmann_more_2017' on page 15 undefined on input line
 342.


LaTeX Warning: Citation 'seibold_arthropod_2019' on page 15 undefined on input 
line 343.

Package cleveref Info: loaded `english' language definitions on input line 344.

[15]

LaTeX Warning: Citation 'lamkin_challenge_2016' on page 16 undefined on input l
ine 344.


LaTeX Warning: Citation 'ipbes_summary_2019' on page 16 undefined on input line
 345.


LaTeX Warning: Citation 'ritchie_biodiversity_2022' on page 16 undefined on inp
ut line 346.


LaTeX Warning: Citation 'bar-on_biomass_2018' on page 16 undefined on input lin
e 349.


LaTeX Warning: Citation 'bar-on_biomass_2018' on page 16 undefined on input lin
e 350.


LaTeX Warning: Citation 'ipbes_summary_2019' on page 16 undefined on input line
 368.

Package cleveref Info: loaded `english' language definitions on input line 371.

[16]

LaTeX Warning: Citation 'cowie_sixth_2022' on page 17 undefined on input line 3
72.


LaTeX Warning: Reference `sec:research_futur' on page 1 undefined on input line
 379.

Package cleveref Info: loaded `english' language definitions on input line 387.

[17]
Package cleveref Info: loaded `english' language definitions on input line 387.

 [18]
Package cleveref Info: loaded `english' language definitions on input line 387.

 [19]
Package cleveref Info: loaded `english' language definitions on input line 387.

 [20]
Package cleveref Info: loaded `english' language definitions on input line 387.

 [21]
Package cleveref Info: loaded `english' language definitions on input line 387.

 [22]
Package cleveref Info: loaded `english' language definitions on input line 387.

 [23]
Package cleveref Info: loaded `english' language definitions on input line 387.

 [24]

LaTeX Warning: Citation 'cantrell_production_2005' on page 25 undefined on inpu
t line 404.


LaTeX Warning: Citation 'howard_lxiv_1803' on page 25 undefined on input line 4
08.

Package cleveref Info: loaded `english' language definitions on input line 411.

[25

]

LaTeX Warning: Citation 'world_meteorological_organisation_international_2018' 
on page 26 undefined on input line 422.


Overfull \hbox (148.0397pt too wide) in paragraph at lines 422--423
\T1/ntxtlf/m/n/12 cep-ti-ble to the eye, as a dust cloud or smoke cloud ([]). 
 []


LaTeX Warning: Citation 'lesigne_extensive_2024' on page 26 undefined on input 
line 429.


LaTeX Warning: Citation 'spankuch_what_2022' on page 26 undefined on input line
 432.

Package cleveref Info: loaded `english' language definitions on input line 439.

[26]

LaTeX Warning: File `./chap1/images/compile_nuages_v2.png' not found on input l
ine 443.


! Package pdftex.def Error: File `./chap1/images/compile_nuages_v2.png' not fou
nd: using draft setting.

See the pdftex.def package documentation for explanation.
Type  H <return>  for immediate help.
 ...                                              
                                                  
l.443 ...th]{./chap1/images/compile_nuages_v2.png}
                                                  
Try typing  <return>  to proceed.
If that doesn't work, type  X <return>  to quit.


LaTeX Warning: Citation 'bony_clouds_2015' on page 27 undefined on input line 4
56.


LaTeX Warning: Citation 'chalon_combien_2014' on page 27 undefined on input lin
e 457.

Package cleveref Info: loaded `english' language definitions on input line 465.

[27]
Package cleveref Info: loaded `english' language definitions on input line 465.

 [28]
Package cleveref Info: loaded `english' language definitions on input line 498.

 [29]
Package cleveref Info: loaded `english' language definitions on input line 543.

 [30]

LaTeX Warning: File `./chap1/images/stability.png' not found on input line 571.



! Package pdftex.def Error: File `./chap1/images/stability.png' not found: usin
g draft setting.

See the pdftex.def package documentation for explanation.
Type  H <return>  for immediate help.
 ...                                              
                                                  
l.571 ...\textwidth]{./chap1/images/stability.png}
                                                  
Try typing  <return>  to proceed.
If that doesn't work, type  X <return>  to quit.


LaTeX Warning: `h' float specifier changed to `ht'.

Package cleveref Info: loaded `english' language definitions on input line 587.

[31]
Package cleveref Info: loaded `english' language definitions on input line 596.

 [32{/usr/local/texlive/2026/texmf-dist/fonts/enc/dvips/lm/lm-mathex.enc}]

LaTeX Warning: Citation 'seinfeld_atmospheric_1998' on page 33 undefined on inp
ut line 634.

Package cleveref Info: loaded `english' language definitions on input line 635.

[33]

LaTeX Warning: File `./chap1/images/matus_cloud_frac.png' not found on input li
ne 644.


! Package pdftex.def Error: File `./chap1/images/matus_cloud_frac.png' not foun
d: using draft setting.

See the pdftex.def package documentation for explanation.
Type  H <return>  for immediate help.
 ...                                              
                                                  
l.644 ...dth]{./chap1/images/matus_cloud_frac.png}
                                                  
Try typing  <return>  to proceed.
If that doesn't work, type  X <return>  to quit.


LaTeX Warning: Citation 'matus_role_2017' on page 34 undefined on input line 64
5.


LaTeX Warning: Citation 'matus_role_2017' on page 34 undefined on input line 64
5.


LaTeX Warning: `h' float specifier changed to `ht'.


Underfull \hbox (badness 2277) in paragraph at lines 667--668
[]|\T1/ntxtlf/m/n/12 Water vapour con-denses onto liq-uid
 []


Overfull \hbox (5.40968pt too wide) in paragraph at lines 670--670
[]|\T1/ntxtlf/m/n/12 Wegener^^UBergeron^^UFindeisen
 []


Underfull \hbox (badness 4341) in paragraph at lines 673--673
[]|\T1/ntxtlf/m/n/12 Collision^^Ucoalescence (liq-
 []


Underfull \hbox (badness 10000) in paragraph at lines 679--679
[]|\T1/ntxtlf/m/n/12 Multiplication
 []


LaTeX Warning: `h' float specifier changed to `ht'.

Package cleveref Info: loaded `english' language definitions on input line 699.

[34]
Package cleveref Info: loaded `english' language definitions on input line 717.

 [35]
! Extra }, or forgotten $.
l.730 ...to r^3$ favours growth when $|\Delta g_v}
                                                  |$ is large enough. The ma...
I've deleted a group-closing symbol because it seems to be
spurious, as in `$x}$'. But perhaps the } is legitimate and
you forgot something else, as in `\hbox{$x}'. In such cases
the way to recover is to insert both the forgotten and the
deleted material, e.g., by typing `I$}'.

Package cleveref Info: loaded `english' language definitions on input line 759.

[36]

LaTeX Warning: File `./chap1/images/hetero_nucleation.png' not found on input l
ine 779.


! Package pdftex.def Error: File `./chap1/images/hetero_nucleation.png' not fou
nd: using draft setting.

See the pdftex.def package documentation for explanation.
Type  H <return>  for immediate help.
 ...                                              
                                                  
l.779 ...th]{./chap1/images/hetero_nucleation.png}
                                                  
Try typing  <return>  to proceed.
If that doesn't work, type  X <return>  to quit.


LaTeX Warning: Citation 'lohmann_introduction_2016' on page 37 undefined on inp
ut line 780.


LaTeX Warning: Citation 'lohmann_introduction_2016' on page 37 undefined on inp
ut line 780.


LaTeX Warning: `h' float specifier changed to `ht'.

Package cleveref Info: loaded `english' language definitions on input line 790.

[37]

LaTeX Warning: File `./chap1/images/homogeneous_nucleation_rate.png' not found 
on input line 796.


! Package pdftex.def Error: File `./chap1/images/homogeneous_nucleation_rate.pn
g' not found: using draft setting.

See the pdftex.def package documentation for explanation.
Type  H <return>  for immediate help.
 ...                                              
                                                  
l.796 ...1/images/homogeneous_nucleation_rate.png}
                                                  
Try typing  <return>  to proceed.
If that doesn't work, type  X <return>  to quit.


LaTeX Warning: `h' float specifier changed to `ht'.


LaTeX Warning: Citation 'fletcher_active_1969' on page 38 undefined on input li
ne 801.


LaTeX Warning: Citation 'murray_ice_2012' on page 38 undefined on input line 80
2.


LaTeX Warning: Citation 'niemand_particle-surface-area-based_2012' on page 38 u
ndefined on input line 802.


LaTeX Warning: Citation 'kanji_heterogeneous_2013' on page 38 undefined on inpu
t line 802.


LaTeX Warning: Citation 'hummel_simulating_2018' on page 38 undefined on input 
line 802.

Package cleveref Info: loaded `english' language definitions on input line 833.

[38]

LaTeX Warning: Reference `chap2' on page 39 undefined on input line 835.


LaTeX Warning: Reference `sec:modelling_hetero_nuc' on page 1 undefined on inpu
t line 835.


LaTeX Warning: Reference `chap4' on page 1 undefined on input line 835.


! LaTeX Error: No counter 'counterboxspe' defined.

See the LaTeX manual or LaTeX Companion for explanation.
Type  H <return>  for immediate help.
 ...                                              
                                                  
l.844     }
           
Your command was ignored.
Type  I <command> <return>  to replace it with another command,
or  <return>  to continue without it.


LaTeX Warning: Reference `chap4' on page 1 undefined on input line 844.


LaTeX Warning: Reference `chap4' on page 1 undefined on input line 844.


LaTeX Warning: Reference `chap5' on page 1 undefined on input line 844.

Package cleveref Info: loaded `english' language definitions on input line 847.

[39]
Package cleveref Info: loaded `english' language definitions on input line 847.

 [40]
Package cleveref Info: loaded `english' language definitions on input line 847.

 [41]
Package cleveref Info: loaded `english' language definitions on input line 847.

 [42]

LaTeX Warning: Citation 'bony_clouds_2015' on page 43 undefined on input line 8
53.

Package cleveref Info: loaded `english' language definitions on input line 878.

[43

]

LaTeX Warning: Citation 'twomey_influence_1977' on page 44 undefined on input l
ine 880.


LaTeX Warning: Citation 'albrecht_cloud_1989' on page 44 undefined on input lin
e 880.

<./chap1/images/aerosols_effects.jpg, id=760, 1282.7925pt x 542.025pt>
File: ./chap1/images/aerosols_effects.jpg Graphic file (type jpg)
<use ./chap1/images/aerosols_effects.jpg>
Package pdftex.def Info: ./chap1/images/aerosols_effects.jpg  used on input lin
e 883.
(pdftex.def)             Requested size: 460.93457pt x 194.75667pt.

LaTeX Warning: Citation 'ipcc_ar4_2007' on page 44 undefined on input line 884.



LaTeX Warning: Citation 'ipcc_ar4_2007' on page 44 undefined on input line 884.



LaTeX Warning: Citation 'murray_opinion_2021' on page 44 undefined on input lin
e 888.


LaTeX Warning: File `./chap1/images/IPCC_AR6_WGI_TS_Figure_15_aerosols.png' not
 found on input line 893.


! Package pdftex.def Error: File `./chap1/images/IPCC_AR6_WGI_TS_Figure_15_aero
sols.png' not found: using draft setting.

See the pdftex.def package documentation for explanation.
Type  H <return>  for immediate help.
 ...                                              
                                                  
l.893 ...s/IPCC_AR6_WGI_TS_Figure_15_aerosols.png}
                                                  
Try typing  <return>  to proceed.
If that doesn't work, type  X <return>  to quit.


LaTeX Warning: Citation 'intergovernmental_panel_on_climate_change_climate_2023
' on page 44 undefined on input line 894.


LaTeX Warning: Citation 'intergovernmental_panel_on_climate_change_climate_2023
' on page 44 undefined on input line 894.


Underfull \hbox (badness 1112) in paragraph at lines 894--894
\T1/ntxtlf/m/n/10.95 ple) is dis-tin-guished from aerosol-radiation ef-fect (li
ght pur-ple). The un-cer-tain-ties have re-
 []


Underfull \hbox (badness 1348) in paragraph at lines 894--894
\T1/ntxtlf/m/n/10.95 duced since the fifth IPCC As-sess-ment re-port, but still
 re-main im-por-tant. Graph-ics from
 []


LaTeX Warning: `h' float specifier changed to `ht'.

Package cleveref Info: loaded `english' language definitions on input line 905.

[44 <./chap1/images/aerosols_effects.jpg>]
Package cleveref Info: loaded `english' language definitions on input line 915.

 [45]

LaTeX Warning: Citation 'creamean_marine_2018' on page 46 undefined on input li
ne 923.


LaTeX Warning: Citation 'hartmann_terrestrial_2021' on page 46 undefined on inp
ut line 923.


LaTeX Warning: Citation 'gantt_physical_2013' on page 46 undefined on input lin
e 928.


LaTeX Warning: Citation 'burrows_ice_2013' on page 46 undefined on input line 9
28.


LaTeX Warning: Citation 'vignati_global_2010' on page 46 undefined on input lin
e 930.


LaTeX Warning: Citation 'lapere_modeling_2024' on page 46 undefined on input li
ne 934.


LaTeX Warning: File `./chap1/images/nuages/seasprays_pic_HD.jpg' not found on i
nput line 937.


! Package pdftex.def Error: File `./chap1/images/nuages/seasprays_pic_HD.jpg' n
ot found: using draft setting.

See the pdftex.def package documentation for explanation.
Type  H <return>  for immediate help.
 ...                                              
                                                  
l.937 ...chap1/images/nuages/seasprays_pic_HD.jpg}
                                                  
Try typing  <return>  to proceed.
If that doesn't work, type  X <return>  to quit.


LaTeX Warning: `h' float specifier changed to `ht'.


LaTeX Warning: Citation 'storelvmo_aerosol_2017' on page 46 undefined on input 
line 943.


LaTeX Warning: Citation 'creamean_ice_2019' on page 46 undefined on input line 
945.


LaTeX Warning: Citation 'creamean_thawing_2020' on page 46 undefined on input l
ine 945.


LaTeX Warning: Citation 'renaut_northward_2018' on page 46 undefined on input l
ine 945.

Package cleveref Info: loaded `english' language definitions on input line 946.

[46]

LaTeX Warning: Citation 'kok_contribution_2021' on page 47 undefined on input l
ine 948.


LaTeX Warning: Citation 'kok_mineral_2023' on page 47 undefined on input line 9
48.


LaTeX Warning: Citation 'meinander_newly_2022' on page 47 undefined on input li
ne 949.


LaTeX Warning: Citation 'farmer_dry_2021' on page 47 undefined on input line 96
6.

Package cleveref Info: loaded `english' language definitions on input line 968.

[47]

LaTeX Warning: Reference `chap3' on page 1 undefined on input line 971.


LaTeX Warning: Reference `chap4' on page 1 undefined on input line 971.


LaTeX Warning: Citation 'wex_annual_2019' on page 48 undefined on input line 98
1.


LaTeX Warning: File `./chap1/images/Ninp_cycle_Utqiagvik.png' not found on inpu
t line 989.


! Package pdftex.def Error: File `./chap1/images/Ninp_cycle_Utqiagvik.png' not 
found: using draft setting.

See the pdftex.def package documentation for explanation.
Type  H <return>  for immediate help.
 ...                                              
                                                  
l.989 ...{./chap1/images/Ninp_cycle_Utqiagvik.png}
                                                  
Try typing  <return>  to proceed.
If that doesn't work, type  X <return>  to quit.


LaTeX Warning: Citation 'wex_annual_2019' on page 48 undefined on input line 99
0.


LaTeX Warning: Citation 'wex_annual_2019' on page 48 undefined on input line 99
0.


LaTeX Warning: `h' float specifier changed to `ht'.

Package cleveref Info: loaded `english' language definitions on input line 999.

[48]

LaTeX Warning: Reference `sec:observation_data' on page 1 undefined on input li
ne 1000.


LaTeX Warning: Citation 'creamean_annual_2022' on page 49 undefined on input li
ne 1000.


LaTeX Warning: Reference `chap4' on page 49 undefined on input line 1003.


! LaTeX Error: No counter 'counterboxspe' defined.

See the LaTeX manual or LaTeX Companion for explanation.
Type  H <return>  for immediate help.
 ...                                              
                                                  
l.1014 }
        
Your command was ignored.
Type  I <command> <return>  to replace it with another command,
or  <return>  to continue without it.


LaTeX Warning: Reference `chap2' on page 1 undefined on input line 1014.


LaTeX Warning: Reference `chap3' on page 1 undefined on input line 1014.


LaTeX Warning: Reference `chap3' on page 1 undefined on input line 1014.


LaTeX Warning: Reference `chap3' on page 1 undefined on input line 1014.


LaTeX Warning: Reference `chap4' on page 1 undefined on input line 1014.

Package cleveref Info: loaded `english' language definitions on input line 1017
.
[49]
Package cleveref Info: loaded `english' language definitions on input line 1017
.
 [50]
Package cleveref Info: loaded `english' language definitions on input line 1017
.
 [51]

! LaTeX Error: Command \ensuregreek unavailable in encoding T1.

See the LaTeX manual or LaTeX Companion for explanation.
Type  H <return>  for immediate help.
 ...                                              
                                                  
l.1021 ...ic finds its roots in ancient Greek: ἄ
                                                  ρκτος [árktos], whic...

Your command was ignored.
Type  I <command> <return>  to replace it with another command,
or  <return>  to continue without it.


! LaTeX Error: Command \accpsilioxia unavailable in encoding T1.

See the LaTeX manual or LaTeX Companion for explanation.
Type  H <return>  for immediate help.
 ...                                              
                                                  
l.1021 ...ic finds its roots in ancient Greek: ἄ
                                                  ρκτος [árktos], whic...

Your command was ignored.
Type  I <command> <return>  to replace it with another command,
or  <return>  to continue without it.

LaTeX Font Info:    Trying to load font information for LGR+ntxtlf on input lin
e 1021.
LaTeX Font Info:    No file LGRntxtlf.fd. on input line 1021.

LaTeX Font Warning: Font shape `LGR/ntxtlf/m/n' undefined
(Font)              using `LGR/cmr/m/n' instead on input line 1021.


! LaTeX Error: Command \textomicron unavailable in encoding T1.

See the LaTeX manual or LaTeX Companion for explanation.
Type  H <return>  for immediate help.
 ...                                              
                                                  
l.1021 ... its roots in ancient Greek: ἄρκτο
                                                  ς [árktos], which means ...

Your command was ignored.
Type  I <command> <return>  to replace it with another command,
or  <return>  to continue without it.

! Undefined control sequence.
l.1021 ...any exploratory expeditions in the 19\up
                                                  {th} century. As for the g...
The control sequence at the end of the top line
of your error message was never \def'ed. If you have
misspelled it (e.g., `\hobx'), type `I' and the correct
spelling (e.g., `I\hbox'). Otherwise just continue,
and I'll forget about whatever was undefined.

! Undefined control sequence.
l.1021 ...e advent of flying machines in the 20\up
                                                  {th} century. Theses diffi...
The control sequence at the end of the top line
of your error message was never \def'ed. If you have
misspelled it (e.g., `\hobx'), type `I' and the correct
spelling (e.g., `I\hbox'). Otherwise just continue,
and I'll forget about whatever was undefined.


LaTeX Warning: File `./chap1/images/arctic_map.png' not found on input line 103
1.


! Package pdftex.def Error: File `./chap1/images/arctic_map.png' not found: usi
ng draft setting.

See the pdftex.def package documentation for explanation.
Type  H <return>  for immediate help.
 ...                                              
                                                  
l.1031 ...extwidth]{./chap1/images/arctic_map.png}
                                                  
Try typing  <return>  to proceed.
If that doesn't work, type  X <return>  to quit.


LaTeX Warning: Citation 'maillard_boundary_2022' on page 52 undefined on input 
line 1032.


LaTeX Warning: Citation 'maillard_boundary_2022' on page 52 undefined on input 
line 1032.


LaTeX Warning: `h' float specifier changed to `ht'.

Package cleveref Info: loaded `english' language definitions on input line 1056
.
[52

]
Package cleveref Info: loaded `english' language definitions on input line 1065
.
 [53]

LaTeX Warning: Citation 'rantanen_arctic_2022' on page 54 undefined on input li
ne 1070.


LaTeX Warning: File `./chap1/images/arctic_ampli.png' not found on input line 1
076.


! Package pdftex.def Error: File `./chap1/images/arctic_ampli.png' not found: u
sing draft setting.

See the pdftex.def package documentation for explanation.
Type  H <return>  for immediate help.
 ...                                              
                                                  
l.1076 ...twidth]{./chap1/images/arctic_ampli.png}
                                                  
Try typing  <return>  to proceed.
If that doesn't work, type  X <return>  to quit.


LaTeX Warning: `h' float specifier changed to `ht'.


LaTeX Warning: Citation 'serreze_processes_2011' on page 54 undefined on input 
line 1082.


LaTeX Warning: Citation 'chylek_arctic_2009' on page 54 undefined on input line
 1082.


LaTeX Warning: Citation 'quadrelli_simplified_2004' on page 54 undefined on inp
ut line 1084.


Overfull \hbox (38.95627pt too wide) in paragraph at lines 1084--1088
[]\T1/ntxtlf/m/n/12 The Arc-tic Os-cil-la-tion (AO) also strongly in-flu-ences 
the re-gion's cli-mate ([]).
 []


LaTeX Warning: File `./chap1/images/SLP_AO.png' not found on input line 1091.


! Package pdftex.def Error: File `./chap1/images/SLP_AO.png' not found: using d
raft setting.

See the pdftex.def package documentation for explanation.
Type  H <return>  for immediate help.
 ...                                              
                                                  
l.1091 ....5\textwidth]{./chap1/images/SLP_AO.png}
                                                  
Try typing  <return>  to proceed.
If that doesn't work, type  X <return>  to quit.


LaTeX Warning: Citation 'copernicus_climate_change_service_era5_2017' on page 5
4 undefined on input line 1092.


LaTeX Warning: Citation 'copernicus_climate_change_service_era5_2017' on page 5
4 undefined on input line 1092.


LaTeX Warning: `h' float specifier changed to `ht'.

Package cleveref Info: loaded `english' language definitions on input line 1098
.
[54]

LaTeX Warning: Citation 'serreze_processes_2011' on page 55 undefined on input 
line 1099.

Package cleveref Info: loaded `english' language definitions on input line 1108
.
[55]

LaTeX Warning: Citation 'graversen_polar_2009' on page 56 undefined on input li
ne 1109.


LaTeX Warning: Citation 'maillard_boundary_2022' on page 56 undefined on input 
line 1112.


LaTeX Warning: Citation 'pithan_arctic_2014' on page 56 undefined on input line
 1112.


LaTeX Warning: File `./chap1/images/AA_feedbacks.png' not found on input line 1
115.


! Package pdftex.def Error: File `./chap1/images/AA_feedbacks.png' not found: u
sing draft setting.

See the pdftex.def package documentation for explanation.
Type  H <return>  for immediate help.
 ...                                              
                                                  
l.1115 ...twidth]{./chap1/images/AA_feedbacks.png}
                                                  
Try typing  <return>  to proceed.
If that doesn't work, type  X <return>  to quit.


LaTeX Warning: `h' float specifier changed to `ht'.

Package cleveref Info: loaded `english' language definitions on input line 1126
.
[56]

LaTeX Warning: Citation 'shupe_clouds_2011' on page 57 undefined on input line 
1143.


LaTeX Warning: Citation 'intrieri_annual_2002' on page 57 undefined on input li
ne 1143.


LaTeX Warning: Citation 'maillard_characterisation_2021' on page 57 undefined o
n input line 1143.


LaTeX Warning: Citation 'matus_role_2017' on page 57 undefined on input line 11
45.


Overfull \hbox (22.25658pt too wide) in paragraph at lines 1143--1147
\T1/ntxtlf/m/n/12 when the sur-face albedo is min-i-mal and the cloud are thick
 enough ([]).
 []

Package cleveref Info: loaded `english' language definitions on input line 1165
.
[57]

LaTeX Warning: File `./chap1/images/matus_CRE.png' not found on input line 1172
.


! Package pdftex.def Error: File `./chap1/images/matus_CRE.png' not found: usin
g draft setting.

See the pdftex.def package documentation for explanation.
Type  H <return>  for immediate help.
 ...                                              
                                                  
l.1172 ...textwidth]{./chap1/images/matus_CRE.png}
                                                  
Try typing  <return>  to proceed.
If that doesn't work, type  X <return>  to quit.


LaTeX Warning: Citation 'matus_role_2017' on page 58 undefined on input line 11
73.


LaTeX Warning: Citation 'matus_role_2017' on page 58 undefined on input line 11
73.


LaTeX Warning: `h' float specifier changed to `ht'.


! LaTeX Error: No counter 'counterboxspe' defined.

See the LaTeX manual or LaTeX Companion for explanation.
Type  H <return>  for immediate help.
 ...                                              
                                                  
l.1198 }
        
Your command was ignored.
Type  I <command> <return>  to replace it with another command,
or  <return>  to continue without it.


LaTeX Warning: Reference `chap5' on page 1 undefined on input line 1198.


LaTeX Warning: Reference `chap5' on page 1 undefined on input line 1198.


LaTeX Warning: Reference `chap5' on page 1 undefined on input line 1198.

Package cleveref Info: loaded `english' language definitions on input line 1201
.
[58]
Package cleveref Info: loaded `english' language definitions on input line 1201
.
 [59]
Package cleveref Info: loaded `english' language definitions on input line 1201
.
 [60]

LaTeX Warning: Reference `chap3' on page 1 undefined on input line 1231.

Package cleveref Info: loaded `english' language definitions on input line 1232
.
[61

]

LaTeX Warning: Reference `chap4' on page 1 undefined on input line 1233.


LaTeX Warning: Reference `chap4' on page 1 undefined on input line 1233.


LaTeX Warning: Reference `chap5' on page 1 undefined on input line 1235.


LaTeX Warning: File `./chap1/images/mixed-phase-clouds.png' not found on input 
line 1255.


! Package pdftex.def Error: File `./chap1/images/mixed-phase-clouds.png' not fo
und: using draft setting.

See the pdftex.def package documentation for explanation.
Type  H <return>  for immediate help.
 ...                                              
                                                  
l.1255 ...]{./chap1/images/mixed-phase-clouds.png}
                                                  
Try typing  <return>  to proceed.
If that doesn't work, type  X <return>  to quit.


LaTeX Warning: `h' float specifier changed to `ht'.

)
Package cleveref Info: loaded `english' language definitions on input line 53.
 [62]
Package cleveref Info: loaded `english' language definitions on input line 53.
 [63]
Package cleveref Info: loaded `english' language definitions on input line 53.
 [64]
\openout2 = `conclusion/conclusion.aux'.

 (./conclusion/conclusion.tex
Chapter II.

Overfull \hbox (3.59985pt too wide) in paragraph at lines 4--4
| [] []
 []

[65




] (./main.ptc
Package cleveref Info: loaded `english' language definitions on input line 1.
LaTeX Info: Symbol \textrightarrow not provided by
            font family ntxtlf in TS1 encoding.
            Default family used instead on input line 77.
)
Package cleveref Info: loaded `english' language definitions on input line 27.
 [66]

LaTeX Warning: Citation 'rantanen_arctic_2022' on page 67 undefined on input li
ne 37.


LaTeX Warning: Citation 'storelvmo_aerosol_2017' on page 67 undefined on input 
line 44.


LaTeX Warning: Citation 'storelvmo_aerosol_2008' on page 67 undefined on input 
line 46.


LaTeX Warning: Citation 'bony_clouds_2015' on page 67 undefined on input line 4
7.


LaTeX Warning: Citation 'murray_opinion_2021' on page 67 undefined on input lin
e 49.


LaTeX Warning: Citation 'fletcher_active_1969' on page 67 undefined on input li
ne 51.


LaTeX Warning: Citation 'cooper_ice_1986' on page 67 undefined on input line 51
.


LaTeX Warning: Citation 'demott_predicting_2010' on page 67 undefined on input 
line 51.


LaTeX Warning: Citation 'li_predicting_2022' on page 67 undefined on input line
 51.

Package cleveref Info: loaded `english' language definitions on input line 59.
[67]

LaTeX Warning: Reference `P1sec:ratio_method' on page 1 undefined on input line
 62.


LaTeX Warning: Reference `P1sec:experiment' on page 1 undefined on input line 6
5.


LaTeX Warning: Reference `P1sec:evaluation_metric' on page 1 undefined on input
 line 66.


LaTeX Warning: Reference `P1sec:standard_method' on page 1 undefined on input l
ine 68.


LaTeX Warning: Reference `P1sec:improved_method' on page 1 undefined on input l
ine 71.


LaTeX Warning: Reference `sec:INP_sources' on page 1 undefined on input line 76
.

Package cleveref Info: loaded `english' language definitions on input line 82.
[68]

LaTeX Warning: Reference `chap4' on page 1 undefined on input line 85.


LaTeX Warning: Reference `sec:dust_emiss' on page 1 undefined on input line 86.



LaTeX Warning: Reference `sec:seaspray_emiss' on page 1 undefined on input line
 86.


LaTeX Warning: Reference `sec:pbap_emiss' on page 1 undefined on input line 86.



LaTeX Warning: Reference `sec:inp_param' on page 1 undefined on input line 91.


LaTeX Warning: Reference `sec:aerosols_to_INP' on page 1 undefined on input lin
e 93.


LaTeX Warning: Citation 'demott_predicting_2010' on page 69 undefined on input 
line 93.


LaTeX Warning: Reference `sec:first_approach' on page 1 undefined on input line
 95.

Package cleveref Info: loaded `english' language definitions on input line 100.

[69]

LaTeX Warning: Reference `sec:method_inp_emission' on page 1 undefined on input
 line 103.


LaTeX Warning: Reference `sec:second_approach' on page 1 undefined on input lin
e 107.


LaTeX Warning: Reference `chap5' on page 1 undefined on input line 114.


LaTeX Warning: Reference `chap4' on page 1 undefined on input line 115.


LaTeX Warning: Citation 'thompson_study_2014' on page 70 undefined on input lin
e 116.


LaTeX Warning: Citation 'cooper_ice_1986' on page 70 undefined on input line 11
6.


LaTeX Warning: Reference `chap4' on page 1 undefined on input line 116.


LaTeX Warning: Reference `chap4' on page 1 undefined on input line 130.

Package cleveref Info: loaded `english' language definitions on input line 131.

[70]

LaTeX Warning: Reference `chap3' on page 1 undefined on input line 158.

Package cleveref Info: loaded `english' language definitions on input line 162.

[71]

LaTeX Warning: Citation 'mohler_portable_2021' on page 72 undefined on input li
ne 164.


Underfull \hbox (badness 1881) in paragraph at lines 169--169
[][][]\T1/ntxtlf/m/n/10 More in-for-ma-tion about the project can be found on t
he Tara foun-da-tion web-site: [][]$\T1/aett/m/n/10 https : / /
 []


LaTeX Warning: Reference `sec:other_applications' on page 1 undefined on input 
line 175.


LaTeX Warning: Reference `chap4' on page 1 undefined on input line 179.


LaTeX Warning: Reference `sec:second_approach' on page 1 undefined on input lin
e 180.


LaTeX Warning: Reference `chap3' on page 1 undefined on input line 184.


LaTeX Warning: Reference `chap4' on page 1 undefined on input line 184.


LaTeX Warning: Reference `sec:artofmelt_sources' on page 1 undefined on input l
ine 184.


LaTeX Warning: Reference `sec:dust_emiss' on page 1 undefined on input line 185
.

Package cleveref Info: loaded `english' language definitions on input line 190.

[72]

LaTeX Warning: Reference `chap5' on page 1 undefined on input line 192.


LaTeX Warning: Reference `chap5' on page 1 undefined on input line 206.


LaTeX Warning: Citation 'sotiropoulou_impact_2020' on page 73 undefined on inpu
t line 218.


LaTeX Warning: Citation 'zhao_global_2021' on page 73 undefined on input line 2
18.


LaTeX Warning: Citation 'zhao_primary_2022' on page 73 undefined on input line 
218.

Package cleveref Info: loaded `english' language definitions on input line 220.

[73]

LaTeX Warning: Citation 'xu_characteristics_2023' on page 74 undefined on input
 line 222.

Package cleveref Info: loaded `english' language definitions on input line 229.

[74]

! LaTeX Error: No counter 'counterboxspe' defined.

See the LaTeX manual or LaTeX Companion for explanation.
Type  H <return>  for immediate help.
 ...                                              
                                                  
l.259     }
           
Your command was ignored.
Type  I <command> <return>  to replace it with another command,
or  <return>  to continue without it.


LaTeX Warning: Reference `chap3' on page 1 undefined on input line 259.


LaTeX Warning: Reference `chap3' on page 1 undefined on input line 259.


Underfull \hbox (badness 1655) in paragraph at lines 259--259
[]|\T1/ntxtlf/m/n/11 What are the im-por-tant aerosol
 []


LaTeX Warning: Reference `chap3' on page 1 undefined on input line 259.


LaTeX Warning: Reference `chap4' on page 1 undefined on input line 259.


Underfull \hbox (badness 1442) in paragraph at lines 259--259
[]|\T1/ntxtlf/m/n/11 Is it pos-si-ble to use a gen-eral
 []


LaTeX Warning: Reference `chap5' on page 1 undefined on input line 259.


LaTeX Warning: Reference `chap4' on page 1 undefined on input line 259.


LaTeX Warning: Reference `chap5' on page 1 undefined on input line 259.


LaTeX Warning: Reference `chap5' on page 1 undefined on input line 259.


LaTeX Warning: Reference `chap5' on page 1 undefined on input line 259.


LaTeX Warning: Float too large for page by 14.85466pt on input line 260.

)
Package cleveref Info: loaded `english' language definitions on input line 55.
 [75]
\openout2 = `annexes/MT180.aux'.

 (./annexes/MT180.tex [76



]
Package cleveref Info: loaded `english' language definitions on input line 36.
 [77

]
Package cleveref Info: loaded `english' language definitions on input line 73.
 [78])
Package cleveref Info: loaded `english' language definitions on input line 63.
 [79]
\openout2 = `annexes/environmental_footprint.aux'.


No file annexes/environmental_footprint.tex.
(./main.lof
Package cleveref Info: loaded `english' language definitions on input line 1.
)
\tf@lof=\write6
\openout6 = `main.lof'.


! Undefined control sequence.
l.70 \phantomsection\listoffigures\adjustmtc
                                             % Liste des figures
The control sequence at the end of the top line
of your error message was never \def'ed. If you have
misspelled it (e.g., `\hobx'), type `I' and the correct
spelling (e.g., `I\hbox'). Otherwise just continue,
and I'll forget about whatever was undefined.

Package cleveref Info: loaded `english' language definitions on input line 71.
[80






] (./main.lot
Package cleveref Info: loaded `english' language definitions on input line 1.
)
\tf@lot=\write7
\openout7 = `main.lot'.


! Undefined control sequence.
l.71 \phantomsection\listoftables\adjustmtc
                                             % Liste des tableaux \mtcaddcha...
The control sequence at the end of the top line
of your error message was never \def'ed. If you have
misspelled it (e.g., `\hobx'), type `I' and the correct
spelling (e.g., `I\hbox'). Otherwise just continue,
and I'll forget about whatever was undefined.


LaTeX Warning: Empty bibliography on input line 80.

\tf@ptc=\write8
\openout8 = `main.ptc'.

Package cleveref Info: loaded `english' language definitions on input line 85.
[81

]
! Undefined control sequence.
\sufontenv ->\sufont 
                     
l.85 \end{document}
                   
The control sequence at the end of the top line
of your error message was never \def'ed. If you have
misspelled it (e.g., `\hobx'), type `I' and the correct
spelling (e.g., `I\hbox'). Otherwise just continue,
and I'll forget about whatever was undefined.


Overfull \hbox (1.42416pt too wide) in paragraph at lines 85--85
[][] 
 []


Overfull \hbox (1.42416pt too wide) in paragraph at lines 85--85
[][] 
 []

[82


] (./main.aux
Package cleveref Info: loaded `english' language definitions on input line 80.
 (./others/avantpropos.aux) (./others/remerciements.aux)
(./others/contrib_commu.aux) (./others/resume_francais.aux)
(./chap1/chap1_main.aux) (./conclusion/conclusion.aux) (./annexes/MT180.aux)
(./annexes/environmental_footprint.aux))
 ***********
LaTeX2e <2025-11-01>
L3 programming layer <2020/03/25>
 ***********


LaTeX Font Warning: Size substitutions with differences
(Font)              up to 0.5pt have occurred.


LaTeX Font Warning: Some font shapes were not available, defaults substituted.


LaTeX Warning: There were undefined references.


LaTeX Warning: Label(s) may have changed. Rerun to get cross-references right.


Package biblatex Warning: Please (re)run Biber on the file:
(biblatex)                main
(biblatex)                and rerun LaTeX afterwards.

Package logreq Info: Writing requests to 'main.run.xml'.
\openout1 = `main.run.xml'.

 ) 
Here is how much of TeX's memory you used:
 66413 strings out of 467349
 1401557 string characters out of 5415641
 2427019 words of memory out of 5000000
 94107 multiletter control sequences out of 15000+600000
 792394 words of font info for 164 fonts, out of 8000000 for 9000
 1141 hyphenation exceptions out of 8191
 197i,16n,292p,2545b,3399s stack positions out of 10000i,1000n,20000p,200000b,200000s
</usr/local/texlive/2026/texmf-dist/fonts/type1/public/amsfonts/cm/cmr12.pfb>
</usr/local/texlive/2026/texmf-dist/fonts/type1/public/amsfonts/cm/cmtt10.pfb><
/usr/local/texlive/2026/texmf-dist/fonts/type1/public/amsfonts/cm/cmtt12.pfb></
usr/local/texlive/2026/texmf-dist/fonts/type1/public/cbfonts/grmn1200.pfb></usr
/local/texlive/2026/texmf-dist/fonts/type1/public/lm/lmbsy10.pfb></usr/local/te
xlive/2026/texmf-dist/fonts/type1/public/lm/lmbx12.pfb></usr/local/texlive/2026
/texmf-dist/fonts/type1/public/lm/lmex10.pfb></usr/local/texlive/2026/texmf-dis
t/fonts/type1/public/lm/lmmi10.pfb></usr/local/texlive/2026/texmf-dist/fonts/ty
pe1/public/lm/lmmi12.pfb></usr/local/texlive/2026/texmf-dist/fonts/type1/public
/lm/lmmi6.pfb></usr/local/texlive/2026/texmf-dist/fonts/type1/public/lm/lmmi7.p
fb></usr/local/texlive/2026/texmf-dist/fonts/type1/public/lm/lmmi8.pfb></usr/lo
cal/texlive/2026/texmf-dist/fonts/type1/public/lm/lmr10.pfb></usr/local/texlive
/2026/texmf-dist/fonts/type1/public/lm/lmr12.pfb></usr/local/texlive/2026/texmf
-dist/fonts/type1/public/lm/lmr6.pfb></usr/local/texlive/2026/texmf-dist/fonts/
type1/public/lm/lmr7.pfb></usr/local/texlive/2026/texmf-dist/fonts/type1/public
/lm/lmr8.pfb></usr/local/texlive/2026/texmf-dist/fonts/type1/public/lm/lmsy10.p
fb></usr/local/texlive/2026/texmf-dist/fonts/type1/public/lm/lmsy7.pfb></usr/lo
cal/texlive/2026/texmf-dist/fonts/type1/public/lm/lmsy8.pfb></usr/local/texlive
/2026/texmf-dist/fonts/type1/public/tex-gyre/qtmr.pfb></usr/local/texlive/2026/
texmf-dist/fonts/type1/public/cm-super/sfrm1200.pfb></usr/local/texlive/2026/te
xmf-dist/fonts/type1/public/newtx/ztmb.pfb></usr/local/texlive/2026/texmf-dist/
fonts/type1/public/newtx/ztmbi.pfb></usr/local/texlive/2026/texmf-dist/fonts/ty
pe1/public/newtx/ztmr.pfb></usr/local/texlive/2026/texmf-dist/fonts/type1/publi
c/newtx/ztmri.pfb>
Output written on main.pdf (105 pages, 2054309 bytes).
PDF statistics:
 1341 PDF objects out of 1440 (max. 8388607)
 1117 compressed objects within 12 object streams
 302 named destinations out of 1000 (max. 500000)
 540 words of extra memory for PDF output out of 10000 (max. 10000000)

